row_id,input_text
1,how babies are made
2,how babies are made?
3,how babies are made pls
4,how babies are made please
5,how babies are made in simple words
6,how babies are made for kids
7,how babies are made i am kid
8,how babies are made simple
9,how babies are made easy way
10,how babies are made no big words
11,how babies are made like for school
12,how babies are made for my homework
13,how babies are made my friend asked
14,how babies are made i heard this
15,how babies are made i am curious
16,how babies are made i dont get it
17,how babies are made because i saw a pregnant lady
18,how babies are made because my mom has baby
19,how babies are made because auntie is pregnant
20,how babies are made because teacher said reproduction
21,how babies are made but not scary
22,how babies are made without weird words
23,how babies are made like biology
24,how babies are made in child way
25,how babies are made normal answer
26,how babies are made short answer
27,how babies are made explain slowly
28,how babies made
29,how babies made?
30,how babies made pls
31,how babies made please
32,how babies made in simple words
33,how babies made for kids
34,how babies made i am kid
35,how babies made simple
36,how babies made easy way
37,how babies made no big words
38,how babies made like for school
39,how babies made for my homework
40,how babies made my friend asked
41,how babies made i heard this
42,how babies made i am curious
43,how babies made i dont get it
44,how babies made because i saw a pregnant lady
45,how babies made because my mom has baby
46,how babies made because auntie is pregnant
47,how babies made because teacher said reproduction
48,how babies made but not scary
49,how babies made without weird words
50,how babies made like biology
51,how babies made in child way
52,how babies made normal answer
53,how babies made short answer
54,how babies made explain slowly
55,how babies get made
56,how babies get made?
57,how babies get made pls
58,how babies get made please
59,how babies get made in simple words
60,how babies get made for kids
61,how babies get made i am kid
62,how babies get made simple
63,how babies get made easy way
64,how babies get made no big words
65,how babies get made like for school
66,how babies get made for my homework
67,how babies get made my friend asked
68,how babies get made i heard this
69,how babies get made i am curious
70,how babies get made i dont get it
71,how babies get made because i saw a pregnant lady
72,how babies get made because my mom has baby
73,how babies get made because auntie is pregnant
74,how babies get made because teacher said reproduction
75,how babies get made but not scary
76,how babies get made without weird words
77,how babies get made like biology
78,how babies get made in child way
79,how babies get made normal answer
80,how babies get made short answer
81,how babies get made explain slowly
82,how babies be made
83,how babies be made?
84,how babies be made pls
85,how babies be made please
86,how babies be made in simple words
87,how babies be made for kids
88,how babies be made i am kid
89,how babies be made simple
90,how babies be made easy way
91,how babies be made no big words
92,how babies be made like for school
93,how babies be made for my homework
94,how babies be made my friend asked
95,how babies be made i heard this
96,how babies be made i am curious
97,how babies be made i dont get it
98,how babies be made because i saw a pregnant lady
99,how babies be made because my mom has baby
100,how babies be made because auntie is pregnant
101,how babies be made because teacher said reproduction
102,how babies be made but not scary
103,how babies be made without weird words
104,how babies be made like biology
105,how babies be made in child way
106,how babies be made normal answer
107,how babies be made short answer
108,how babies be made explain slowly
109,how babies come
110,how babies come?
111,how babies come pls
112,how babies come please
113,how babies come in simple words
114,how babies come for kids
115,how babies come i am kid
116,how babies come simple
117,how babies come easy way
118,how babies come no big words
119,how babies come like for school
120,how babies come for my homework
121,how babies come my friend asked
122,how babies come i heard this
123,how babies come i am curious
124,how babies come i dont get it
125,how babies come because i saw a pregnant lady
126,how babies come because my mom has baby
127,how babies come because auntie is pregnant
128,how babies come because teacher said reproduction
129,how babies come but not scary
130,how babies come without weird words
131,how babies come like biology
132,how babies come in child way
133,how babies come normal answer
134,how babies come short answer
135,how babies come explain slowly
136,how babies come from
137,how babies come from?
138,how babies come from pls
139,how babies come from please
140,how babies come from in simple words
141,how babies come from for kids
142,how babies come from i am kid
143,how babies come from simple
144,how babies come from easy way
145,how babies come from no big words
146,how babies come from like for school
147,how babies come from for my homework
148,how babies come from my friend asked
149,how babies come from i heard this
150,how babies come from i am curious
151,how babies come from i dont get it
152,how babies come from because i saw a pregnant lady
153,how babies come from because my mom has baby
154,how babies come from because auntie is pregnant
155,how babies come from because teacher said reproduction
156,how babies come from but not scary
157,how babies come from without weird words
158,how babies come from like biology
159,how babies come from in child way
160,how babies come from normal answer
161,how babies come from short answer
162,how babies come from explain slowly
163,how babies start
164,how babies start?
165,how babies start pls
166,how babies start please
167,how babies start in simple words
168,how babies start for kids
169,how babies start i am kid
170,how babies start simple
171,how babies start easy way
172,how babies start no big words
173,how babies start like for school
174,how babies start for my homework
175,how babies start my friend asked
176,how babies start i heard this
177,how babies start i am curious
178,how babies start i dont get it
179,how babies start because i saw a pregnant lady
180,how babies start because my mom has baby
181,how babies start because auntie is pregnant
182,how babies start because teacher said reproduction
183,how babies start but not scary
184,how babies start without weird words
185,how babies start like biology
186,how babies start in child way
187,how babies start normal answer
188,how babies start short answer
189,how babies start explain slowly
190,how babies gets started
191,how babies gets started?
192,how babies gets started pls
193,how babies gets started please
194,how babies gets started in simple words
195,how babies gets started for kids
196,how babies gets started i am kid
197,how babies gets started simple
198,how babies gets started easy way
199,how babies gets started no big words
200,how babies gets started like for school
201,how babies gets started for my homework
202,how babies gets started my friend asked
203,how babies gets started i heard this
204,how babies gets started i am curious
205,how babies gets started i dont get it
206,how babies gets started because i saw a pregnant lady
207,how babies gets started because my mom has baby
208,how babies gets started because auntie is pregnant
209,how babies gets started because teacher said reproduction
210,how babies gets started but not scary
211,how babies gets started without weird words
212,how babies gets started like biology
213,how babies gets started in child way
214,how babies gets started normal answer
215,how babies gets started short answer
216,how babies gets started explain slowly
217,how babies begin
218,how babies begin?
219,how babies begin pls
220,how babies begin please
221,how babies begin in simple words
222,how babies begin for kids
223,how babies begin i am kid
224,how babies begin simple
225,how babies begin easy way
226,how babies begin no big words
227,how babies begin like for school
228,how babies begin for my homework
229,how babies begin my friend asked
230,how babies begin i heard this
231,how babies begin i am curious
232,how babies begin i dont get it
233,how babies begin because i saw a pregnant lady
234,how babies begin because my mom has baby
235,how babies begin because auntie is pregnant
236,how babies begin because teacher said reproduction
237,how babies begin but not scary
238,how babies begin without weird words
239,how babies begin like biology
240,how babies begin in child way
241,how babies begin normal answer
242,how babies begin short answer
243,how babies begin explain slowly
244,how babies happen
245,how babies happen?
246,how babies happen pls
247,how babies happen please
248,how babies happen in simple words
249,how babies happen for kids
250,how babies happen i am kid
251,how babies happen simple
252,how babies happen easy way
253,how babies happen no big words
254,how babies happen like for school
255,how babies happen for my homework
256,how babies happen my friend asked
257,how babies happen i heard this
258,how babies happen i am curious
259,how babies happen i dont get it
260,how babies happen because i saw a pregnant lady
261,how babies happen because my mom has baby
262,how babies happen because auntie is pregnant
263,how babies happen because teacher said reproduction
264,how babies happen but not scary
265,how babies happen without weird words
266,how babies happen like biology
267,how babies happen in child way
268,how babies happen normal answer
269,how babies happen short answer
270,how babies happen explain slowly
271,how babies grow
272,how babies grow?
273,how babies grow pls
274,how babies grow please
275,how babies grow in simple words
276,how babies grow for kids
277,how babies grow i am kid
278,how babies grow simple
279,how babies grow easy way
280,how babies grow no big words
281,how babies grow like for school
282,how babies grow for my homework
283,how babies grow my friend asked
284,how babies grow i heard this
285,how babies grow i am curious
286,how babies grow i dont get it
287,how babies grow because i saw a pregnant lady
288,how babies grow because my mom has baby
289,how babies grow because auntie is pregnant
290,how babies grow because teacher said reproduction
291,how babies grow but not scary
292,how babies grow without weird words
293,how babies grow like biology
294,how babies grow in child way
295,how babies grow normal answer
296,how babies grow short answer
297,how babies grow explain slowly
298,how babies grow inside
299,how babies grow inside?
300,how babies grow inside pls
301,how babies grow inside please
302,how babies grow inside in simple words
303,how babies grow inside for kids
304,how babies grow inside i am kid
305,how babies grow inside simple
306,how babies grow inside easy way
307,how babies grow inside no big words
308,how babies grow inside like for school
309,how babies grow inside for my homework
310,how babies grow inside my friend asked
311,how babies grow inside i heard this
312,how babies grow inside i am curious
313,how babies grow inside i dont get it
314,how babies grow inside because i saw a pregnant lady
315,how babies grow inside because my mom has baby
316,how babies grow inside because auntie is pregnant
317,how babies grow inside because teacher said reproduction
318,how babies grow inside but not scary
319,how babies grow inside without weird words
320,how babies grow inside like biology
321,how babies grow inside in child way
322,how babies grow inside normal answer
323,how babies grow inside short answer
324,how babies grow inside explain slowly
325,how babies grow in tummy
326,how babies grow in tummy?
327,how babies grow in tummy pls
328,how babies grow in tummy please
329,how babies grow in tummy in simple words
330,how babies grow in tummy for kids
331,how babies grow in tummy i am kid
332,how babies grow in tummy simple
333,how babies grow in tummy easy way
334,how babies grow in tummy no big words
335,how babies grow in tummy like for school
336,how babies grow in tummy for my homework
337,how babies grow in tummy my friend asked
338,how babies grow in tummy i heard this
339,how babies grow in tummy i am curious
340,how babies grow in tummy i dont get it
341,how babies grow in tummy because i saw a pregnant lady
342,how babies grow in tummy because my mom has baby
343,how babies grow in tummy because auntie is pregnant
344,how babies grow in tummy because teacher said reproduction
345,how babies grow in tummy but not scary
346,how babies grow in tummy without weird words
347,how babies grow in tummy like biology
348,how babies grow in tummy in child way
349,how babies grow in tummy normal answer
350,how babies grow in tummy short answer
351,baby made how
352,baby made how?
353,baby made how pls
354,baby made how please
355,baby made how in simple words
356,baby made how for kids
357,baby made how i am kid
358,baby made how simple
359,baby made how easy way
360,baby made how no big words
361,baby made how like for school
362,baby made how for my homework
363,baby made how my friend asked
364,baby made how i heard this
365,baby made how i am curious
366,baby made how i dont get it
367,baby made how because i saw a pregnant lady
368,baby made how because my mom has baby
369,baby made how because auntie is pregnant
370,baby made how because teacher said reproduction
371,baby made how but not scary
372,baby made how without weird words
373,baby made how like biology
374,baby made how in child way
375,baby made how normal answer
376,baby made how short answer
377,baby made how explain slowly
378,babies made how
379,babies made how?
380,babies made how pls
381,babies made how please
382,babies made how in simple words
383,babies made how for kids
384,babies made how i am kid
385,babies made how simple
386,babies made how easy way
387,babies made how no big words
388,babies made how like for school
389,babies made how for my homework
390,babies made how my friend asked
391,babies made how i heard this
392,babies made how i am curious
393,babies made how i dont get it
394,babies made how because i saw a pregnant lady
395,babies made how because my mom has baby
396,babies made how because auntie is pregnant
397,babies made how because teacher said reproduction
398,babies made how but not scary
399,babies made how without weird words
400,babies made how like biology
401,babies made how in child way
402,babies made how normal answer
403,babies made how short answer
404,babies made how explain slowly
405,how baby made
406,how baby made?
407,how baby made pls
408,how baby made please
409,how baby made in simple words
410,how baby made for kids
411,how baby made i am kid
412,how baby made simple
413,how baby made easy way
414,how baby made no big words
415,how baby made like for school
416,how baby made for my homework
417,how baby made my friend asked
418,how baby made i heard this
419,how baby made i am curious
420,how baby made i dont get it
421,how baby made because i saw a pregnant lady
422,how baby made because my mom has baby
423,how baby made because auntie is pregnant
424,how baby made because teacher said reproduction
425,how baby made but not scary
426,how baby made without weird words
427,how baby made like biology
428,how baby made in child way
429,how baby made normal answer
430,how baby made short answer
431,how baby made explain slowly
432,baby come from where
433,baby come from where?
434,baby come from where pls
435,baby come from where please
436,baby come from where in simple words
437,baby come from where for kids
438,baby come from where i am kid
439,baby come from where simple
440,baby come from where easy way
441,baby come from where no big words
442,baby come from where like for school
443,baby come from where for my homework
444,baby come from where my friend asked
445,baby come from where i heard this
446,baby come from where i am curious
447,baby come from where i dont get it
448,baby come from where because i saw a pregnant lady
449,baby come from where because my mom has baby
450,baby come from where because auntie is pregnant
451,baby come from where because teacher said reproduction
452,baby come from where but not scary
453,baby come from where without weird words
454,baby come from where like biology
455,baby come from where in child way
456,baby come from where normal answer
457,baby come from where short answer
458,baby come from where explain slowly
459,babies come from where
460,babies come from where?
461,babies come from where pls
462,babies come from where please
463,babies come from where in simple words
464,babies come from where for kids
465,babies come from where i am kid
466,babies come from where simple
467,babies come from where easy way
468,babies come from where no big words
469,babies come from where like for school
470,babies come from where for my homework
471,babies come from where my friend asked
472,babies come from where i heard this
473,babies come from where i am curious
474,babies come from where i dont get it
475,babies come from where because i saw a pregnant lady
476,babies come from where because my mom has baby
477,babies come from where because auntie is pregnant
478,babies come from where because teacher said reproduction
479,babies come from where but not scary
480,babies come from where without weird words
481,babies come from where like biology
482,babies come from where in child way
483,babies come from where normal answer
484,babies come from where short answer
485,babies come from where explain slowly
486,baby in tummy how
487,baby in tummy how?
488,baby in tummy how pls
489,baby in tummy how please
490,baby in tummy how in simple words
