Topic,Question,G1,G2,G2_all
ONLINE_STRANGERS_GROOMING_RISK,Why do I feel uncomfortable when someone I met during an online quiz on Facebook Messenger told me not to tell my teacher about our messages?,TECHNOLOGY,GROOMING,"[""GROOMING""]"
ONLINE_STRANGERS_GROOMING_RISK,What should I do if a senior student at school on Minecraft server chat asked me to keep our chats secret from my parents?,TECHNOLOGY,GROOMING,"[""GROOMING""]"
ONLINE_STRANGERS_GROOMING_RISK,What should I save as proof if a stranger who messaged me after seeing my profile on Telegram said adults would not understand our friendship?,TECHNOLOGY,GROOMING,"[""GROOMING""]"
ONLINE_STRANGERS_GROOMING_RISK,How do I explain to my parents that someone I met during an online quiz on Minecraft server chat said adults would not understand our friendship?,TECHNOLOGY,GROOMING,"[""GROOMING""]"
ONLINE_STRANGERS_GROOMING_RISK,Can a nice person still be unsafe if they said adults would not understand our friendship on Facebook Messenger?,TECHNOLOGY,GROOMING,"[""GROOMING""]"
ONLINE_STRANGERS_GROOMING_RISK,How do I say no when someone who says they are a talent scout on Roblox chat said adults would not understand our friendship?,TECHNOLOGY,GROOMING,"[""GROOMING""]"
ONLINE_STRANGERS_GROOMING_RISK,Is it safe if someone I met in an online game on a text message said adults would not understand our friendship?,TECHNOLOGY,GROOMING,"[""GROOMING""]"
ONLINE_STRANGERS_GROOMING_RISK,What should I save as proof if a person who follows me on social media on Facebook Messenger told me not to tell my teacher about our messages?,TECHNOLOGY,GROOMING,"[""GROOMING""]"
ONLINE_STRANGERS_GROOMING_RISK,Is it safe if someone who says they know my school on Facebook Messenger said our friendship should be only between us?,TECHNOLOGY,GROOMING,"[""GROOMING""]"
ONLINE_STRANGERS_GROOMING_RISK,Why do I feel uncomfortable when a stranger who says they are also a kid on Instagram said our friendship should be only between us?,TECHNOLOGY,GROOMING,"[""GROOMING""]"
ONLINE_STRANGERS_GROOMING_RISK,What are safe steps if someone who says they understand me better than my family on Instagram asked me to hide their name in my phone?,TECHNOLOGY,GROOMING,"[""GROOMING""]"
ONLINE_STRANGERS_GROOMING_RISK,Is it okay to keep chatting when a person from a local community group on my email asked me to hide their name in my phone?,TECHNOLOGY,GROOMING,"[""GROOMING""]"
ONLINE_STRANGERS_GROOMING_RISK,How can I stay safe when a stranger who says they are also a kid on a private message asked me to keep our chats secret from my parents?,TECHNOLOGY,GROOMING,"[""GROOMING""]"
ONLINE_STRANGERS_GROOMING_RISK,Is it safe if a senior student at school on a new app they asked me to install said adults would not understand our friendship?,TECHNOLOGY,GROOMING,"[""GROOMING""]"
ONLINE_STRANGERS_GROOMING_RISK,Is this grooming if someone from a homework help group on WhatsApp asked me to hide their name in my phone?,TECHNOLOGY,GROOMING,"[""GROOMING""]"
ONLINE_STRANGERS_GROOMING_RISK,Is it okay to keep chatting when a person who joined my class chat on a school group chat said adults would not understand our friendship?,TECHNOLOGY,GROOMING,"[""GROOMING""]"
ONLINE_STRANGERS_GROOMING_RISK,Should I tell an adult if someone who says they know my school on WhatsApp said our friendship should be only between us?,TECHNOLOGY,GROOMING,"[""GROOMING""]"
ONLINE_STRANGERS_GROOMING_RISK,How do I say no when a stranger who says they are also a kid on a video calling app said adults would not understand our friendship?,TECHNOLOGY,GROOMING,"[""GROOMING""]"
ONLINE_STRANGERS_GROOMING_RISK,Should I block someone from a fan group on my email if they said adults would not understand our friendship?,TECHNOLOGY,GROOMING,"[""GROOMING""]"
ONLINE_STRANGERS_GROOMING_RISK,How can I stay safe when a person from my sports practice on Facebook Messenger said adults would not understand our friendship?,TECHNOLOGY,GROOMING,"[""GROOMING""]"
ONLINE_STRANGERS_GROOMING_RISK,Who should I talk to if someone I met in an online game on a text message said adults would not understand our friendship?,TECHNOLOGY,GROOMING,"[""GROOMING""]"
ONLINE_STRANGERS_GROOMING_RISK,How do I say no when someone I met through a drawing community on Instagram said adults would not understand our friendship?,TECHNOLOGY,GROOMING,"[""GROOMING""]"
ONLINE_STRANGERS_GROOMING_RISK,Is this grooming if someone from a fan group on a gaming app said our friendship should be only between us?,TECHNOLOGY,GROOMING,"[""GROOMING""]"
ONLINE_STRANGERS_GROOMING_RISK,Can a nice person still be unsafe if they said our friendship should be only between us on YouTube comments?,TECHNOLOGY,GROOMING,"[""GROOMING""]"
ONLINE_STRANGERS_GROOMING_RISK,Why do I feel uncomfortable when a person from my tuition class on Instagram asked me to keep our chats secret from my parents?,TECHNOLOGY,GROOMING,"[""GROOMING""]"
ONLINE_STRANGERS_GROOMING_RISK,How do I explain to my parents that someone I met through a drawing community on a school group chat asked me to create a secret account to talk?,TECHNOLOGY,GROOMING,"[""GROOMING""]"
ONLINE_STRANGERS_GROOMING_RISK,How do I say no when someone I met in an online game on a new app they asked me to install wants me to leave the school chat and message somewhere else?,TECHNOLOGY,GROOMING,"[""GROOMING""]"
ONLINE_STRANGERS_GROOMING_RISK,Can a nice person still be unsafe if they sent me a link to a private chat room on a fan club chat?,TECHNOLOGY,GROOMING,"[""GROOMING""]"
ONLINE_STRANGERS_GROOMING_RISK,How do I explain to my parents that a neighbour I barely know on a new app they asked me to install wants me to leave the school chat and message somewhere else?,TECHNOLOGY,GROOMING,"[""GROOMING""]"
ONLINE_STRANGERS_GROOMING_RISK,Why do I feel uncomfortable when a person who says they can help me become popular on a school group chat sent me a link to a private chat room?,TECHNOLOGY,GROOMING,"[""GROOMING""]"
ONLINE_STRANGERS_GROOMING_RISK,What should I do if a person who says they are my online best friend on Snapchat said we should talk on an app my parents do not check?,TECHNOLOGY,GROOMING,"[""GROOMING""]"
ONLINE_STRANGERS_GROOMING_RISK,What are safe steps if a person who says they are my online best friend on a video calling app sent me a link to a private chat room?,TECHNOLOGY,GROOMING,"[""GROOMING""]"
ONLINE_STRANGERS_GROOMING_RISK,Is it safe if a person from my sports practice on Minecraft server chat said we should talk on an app my parents do not check?,TECHNOLOGY,GROOMING,"[""GROOMING""]"
ONLINE_STRANGERS_GROOMING_RISK,How do I say no when a person from my sports practice on a gaming app sent me a link to a private chat room?,TECHNOLOGY,GROOMING,"[""GROOMING""]"
ONLINE_STRANGERS_GROOMING_RISK,What should I save as proof if a person who says they can help me become popular on a text message asked me to create a secret account to talk?,TECHNOLOGY,GROOMING,"[""GROOMING""]"
ONLINE_STRANGERS_GROOMING_RISK,What are safe steps if a stranger who says they are also a kid on a school group chat asked me to create a secret account to talk?,TECHNOLOGY,GROOMING,"[""GROOMING""]"
ONLINE_STRANGERS_GROOMING_RISK,What are safe steps if a person who joined my class chat on my email said we should talk on an app my parents do not check?,TECHNOLOGY,GROOMING,"[""GROOMING""]"
ONLINE_STRANGERS_GROOMING_RISK,Why do I feel uncomfortable when someone who says they understand me better than my family on a video calling app asked me to create a secret account to talk?,TECHNOLOGY,GROOMING,"[""GROOMING""]"
ONLINE_STRANGERS_GROOMING_RISK,What should I save as proof if a person who says they can help me become popular on Instagram said we should talk on an app my parents do not check?,TECHNOLOGY,GROOMING,"[""GROOMING""]"
ONLINE_STRANGERS_GROOMING_RISK,What are safe steps if a person from my tuition class on WhatsApp wants me to leave the school chat and message somewhere else?,TECHNOLOGY,GROOMING,"[""GROOMING""]"
ONLINE_STRANGERS_GROOMING_RISK,Is this grooming if a senior student at school on a fan club chat sent me a link to a private chat room?,TECHNOLOGY,GROOMING,"[""GROOMING""]"
ONLINE_STRANGERS_GROOMING_RISK,What should I save as proof if a person from a gaming server on Facebook Messenger asked me to create a secret account to talk?,TECHNOLOGY,GROOMING,"[""GROOMING""]"
ONLINE_STRANGERS_GROOMING_RISK,Who should I talk to if someone I met through a drawing community on Telegram keeps asking me to move from the group chat to a private app?,TECHNOLOGY,GROOMING,"[""GROOMING""]"
ONLINE_STRANGERS_GROOMING_RISK,Can a nice person still be unsafe if they keeps asking me to move from the group chat to a private app on a new app they asked me to install?,TECHNOLOGY,GROOMING,"[""GROOMING""]"
ONLINE_STRANGERS_GROOMING_RISK,Should I tell an adult if a person from my sports practice on my email keeps asking me to move from the group chat to a private app?,TECHNOLOGY,GROOMING,"[""GROOMING""]"
ONLINE_STRANGERS_GROOMING_RISK,How do I say no when a stranger who says they are also a kid on my email wants me to leave the school chat and message somewhere else?,TECHNOLOGY,GROOMING,"[""GROOMING""]"
ONLINE_STRANGERS_GROOMING_RISK,How do I explain to my parents that a senior student at school on a secret chat wants me to leave the school chat and message somewhere else?,TECHNOLOGY,GROOMING,"[""GROOMING""]"
ONLINE_STRANGERS_GROOMING_RISK,Who should I talk to if a person who follows me on social media on Discord wants me to leave the school chat and message somewhere else?,TECHNOLOGY,GROOMING,"[""GROOMING""]"
ONLINE_STRANGERS_GROOMING_RISK,What should I save as proof if a stranger who says they are also a kid on a voice chat wants me to leave the school chat and message somewhere else?,TECHNOLOGY,GROOMING,"[""GROOMING""]"
ONLINE_STRANGERS_GROOMING_RISK,What are safe steps if a person who joined my class chat on Telegram keeps asking me to move from the group chat to a private app?,TECHNOLOGY,GROOMING,"[""GROOMING""]"
ONLINE_STRANGERS_GROOMING_RISK,How do I say no when a stranger from a video app on YouTube comments keeps sending digital gifts and asking for attention back?,TECHNOLOGY,GROOMING,"[""GROOMING""]"
ONLINE_STRANGERS_GROOMING_RISK,What should I save as proof if someone I met during an online quiz on an online study group keeps sending digital gifts and asking for attention back?,TECHNOLOGY,GROOMING,"[""GROOMING""]"
ONLINE_STRANGERS_GROOMING_RISK,What should I save as proof if a person who says they are my online best friend on Roblox chat said they will send me money if I share more about myself?,TECHNOLOGY,GROOMING,"[""GROOMING""]"
ONLINE_STRANGERS_GROOMING_RISK,Is it okay to keep chatting when a friend of my cousin on a voice chat promised me gifts if I keep chatting with them?,TECHNOLOGY,GROOMING,"[""GROOMING""]"
ONLINE_STRANGERS_GROOMING_RISK,How do I explain to my parents that a person from my sports practice on a gaming app offered to buy me game coins if I talk to them every day?,TECHNOLOGY,GROOMING,"[""GROOMING""]"
ONLINE_STRANGERS_GROOMING_RISK,What should I do if a person who comments on my posts a lot on a text message said they will send me money if I share more about myself?,TECHNOLOGY,GROOMING,"[""GROOMING""]"
ONLINE_STRANGERS_GROOMING_RISK,What are safe steps if a person who comments on my posts a lot on a gaming app said they will send me money if I share more about myself?,TECHNOLOGY,GROOMING,"[""GROOMING""]"
ONLINE_STRANGERS_GROOMING_RISK,How can I stay safe when a neighbour I barely know on a gaming app said they will send me money if I share more about myself?,TECHNOLOGY,GROOMING,"[""GROOMING""]"
ONLINE_STRANGERS_GROOMING_RISK,How do I explain to my parents that a person from my tuition class on Instagram said they will send me money if I share more about myself?,TECHNOLOGY,GROOMING,"[""GROOMING""]"
ONLINE_STRANGERS_GROOMING_RISK,What should I save as proof if a stranger from a video app on a new app they asked me to install promised me gifts if I keep chatting with them?,TECHNOLOGY,GROOMING,"[""GROOMING""]"
ONLINE_STRANGERS_GROOMING_RISK,What should I save as proof if someone I met in an online game on a school group chat promised me gifts if I keep chatting with them?,TECHNOLOGY,GROOMING,"[""GROOMING""]"
ONLINE_STRANGERS_GROOMING_RISK,Should I tell an adult if a person who says they can help me become popular on a school group chat said they will send me money if I share more about myself?,TECHNOLOGY,GROOMING,"[""GROOMING""]"
ONLINE_STRANGERS_GROOMING_RISK,Who should I talk to if a person who says they can help me become popular on YouTube comments keeps sending digital gifts and asking for attention back?,TECHNOLOGY,GROOMING,"[""GROOMING""]"
ONLINE_STRANGERS_GROOMING_RISK,What does it mean when a neighbour I barely know on a gaming app promised me gifts if I keep chatting with them?,TECHNOLOGY,GROOMING,"[""GROOMING""]"
ONLINE_STRANGERS_GROOMING_RISK,Is it safe if a person who follows me on social media on Discord promised me gifts if I keep chatting with them?,TECHNOLOGY,GROOMING,"[""GROOMING""]"
ONLINE_STRANGERS_GROOMING_RISK,Is this grooming if someone from a music fan page on an online study group promised me gifts if I keep chatting with them?,TECHNOLOGY,GROOMING,"[""GROOMING""]"
ONLINE_STRANGERS_GROOMING_RISK,What should I save as proof if a person who joined my class chat on Instagram offered to buy me game coins if I talk to them every day?,TECHNOLOGY,GROOMING,"[""GROOMING""]"
ONLINE_STRANGERS_GROOMING_RISK,How do I explain to my parents that someone who says they are a talent scout on a fan club chat offered a phone recharge if I do what they ask?,TECHNOLOGY,GROOMING,"[""GROOMING""]"
ONLINE_STRANGERS_GROOMING_RISK,How do I explain to my parents that someone who says they understand me better than my family on a gaming app promised me gifts if I keep chatting with them?,TECHNOLOGY,GROOMING,"[""GROOMING""]"
ONLINE_STRANGERS_GROOMING_RISK,How do I say no when a person who says they can help me become popular on a gaming app keeps sending digital gifts and asking for attention back?,TECHNOLOGY,GROOMING,"[""GROOMING""]"
ONLINE_STRANGERS_GROOMING_RISK,What should I do if someone I met through a drawing community on a text message said they will send me money if I share more about myself?,TECHNOLOGY,GROOMING,"[""GROOMING""]"
ONLINE_STRANGERS_GROOMING_RISK,Why do I feel uncomfortable when a stranger who says they are also a kid on an online study group promised me gifts if I keep chatting with them?,TECHNOLOGY,GROOMING,"[""GROOMING""]"
ONLINE_STRANGERS_GROOMING_RISK,What does it mean when a person from my sports practice on a private message promised me gifts if I keep chatting with them?,TECHNOLOGY,GROOMING,"[""GROOMING""]"
ONLINE_STRANGERS_GROOMING_RISK,How do I explain to my parents that someone from a music fan page on a video calling app said they will send me money if I share more about myself?,TECHNOLOGY,GROOMING,"[""GROOMING""]"
ONLINE_STRANGERS_GROOMING_RISK,Should I block a stranger who says they are also a kid on Roblox chat if they promised me gifts if I keep chatting with them?,TECHNOLOGY,GROOMING,"[""GROOMING""]"
ONLINE_STRANGERS_GROOMING_RISK,What should I do if someone I met during an online quiz on Minecraft server chat asks me to show what I am wearing without explaining why?,TECHNOLOGY,GROOMING,"[""GROOMING""]"
ONLINE_STRANGERS_GROOMING_RISK,Why do I feel uncomfortable when a stranger from a video app on a secret chat keeps asking for my photos and says it proves I trust them?,TECHNOLOGY,GROOMING,"[""GROOMING""]"
ONLINE_STRANGERS_GROOMING_RISK,What does it mean when a person from my sports practice on a video calling app wants pictures from inside my room?,TECHNOLOGY,GROOMING,"[""GROOMING""]"
ONLINE_STRANGERS_GROOMING_RISK,How do I explain to my parents that a friend of my cousin on Snapchat wants pictures from inside my room?,TECHNOLOGY,GROOMING,"[""GROOMING""]"
ONLINE_STRANGERS_GROOMING_RISK,How can I stay safe when a person who follows me on social media on my email asks me to send selfies before replying to my messages?,TECHNOLOGY,GROOMING,"[""GROOMING""]"
ONLINE_STRANGERS_GROOMING_RISK,Is it okay to keep chatting when a person from my tuition class on a fan club chat asks me to show what I am wearing without explaining why?,TECHNOLOGY,GROOMING,"[""GROOMING""]"
ONLINE_STRANGERS_GROOMING_RISK,Is it safe if a stranger who messaged me after seeing my profile on Roblox chat wants pictures from inside my room?,TECHNOLOGY,GROOMING,"[""GROOMING""]"
ONLINE_STRANGERS_GROOMING_RISK,Is it safe if a person from a local community group on YouTube comments asks me to send selfies before replying to my messages?,TECHNOLOGY,GROOMING,"[""GROOMING""]"
ONLINE_STRANGERS_GROOMING_RISK,Can a nice person still be unsafe if they asks me to show what I am wearing without explaining why on Facebook Messenger?,TECHNOLOGY,GROOMING,"[""GROOMING""]"
ONLINE_STRANGERS_GROOMING_RISK,Should I block a person who joined my class chat on a private message if they keeps asking for my photos and says it proves I trust them?,TECHNOLOGY,GROOMING,"[""GROOMING""]"
ONLINE_STRANGERS_GROOMING_RISK,What should I save as proof if an older person from a group chat on a voice chat keeps asking for photos of me even when I say no?,TECHNOLOGY,GROOMING,"[""GROOMING""]"
ONLINE_STRANGERS_GROOMING_RISK,What should I save as proof if someone who says they are a talent scout on an online study group asks me to send selfies before replying to my messages?,TECHNOLOGY,GROOMING,"[""GROOMING""]"
ONLINE_STRANGERS_GROOMING_RISK,Who should I talk to if a stranger who messaged me after seeing my profile on Discord wants pictures from inside my room?,TECHNOLOGY,GROOMING,"[""GROOMING""]"
ONLINE_STRANGERS_GROOMING_RISK,What are safe steps if a person who says they are my online best friend on a private message keeps asking for photos of me even when I say no?,TECHNOLOGY,GROOMING,"[""GROOMING""]"
ONLINE_STRANGERS_GROOMING_RISK,How do I explain to my parents that someone from a homework help group on an online study group keeps asking for photos of me even when I say no?,TECHNOLOGY,GROOMING,"[""GROOMING""]"
ONLINE_STRANGERS_GROOMING_RISK,Can a nice person still be unsafe if they wants pictures from inside my room on Facebook Messenger?,TECHNOLOGY,GROOMING,"[""GROOMING""]"
ONLINE_STRANGERS_GROOMING_RISK,Is it safe if a person from a local community group on a fan club chat wants pictures from inside my room?,TECHNOLOGY,GROOMING,"[""GROOMING""]"
ONLINE_STRANGERS_GROOMING_RISK,Can a nice person still be unsafe if they asks me to show what I am wearing without explaining why on a school group chat?,TECHNOLOGY,GROOMING,"[""GROOMING""]"
ONLINE_STRANGERS_GROOMING_RISK,How do I say no when a stranger from a video app on a video calling app asks me to send selfies before replying to my messages?,TECHNOLOGY,GROOMING,"[""GROOMING""]"
ONLINE_STRANGERS_GROOMING_RISK,Is it okay to keep chatting when someone I met during an online quiz on a gaming app keeps asking for photos of me even when I say no?,TECHNOLOGY,GROOMING,"[""GROOMING""]"
ONLINE_STRANGERS_GROOMING_RISK,What are safe steps if a stranger from a video app on a voice chat asks me to send selfies before replying to my messages?,TECHNOLOGY,GROOMING,"[""GROOMING""]"
ONLINE_STRANGERS_GROOMING_RISK,Can a nice person still be unsafe if they keeps asking for photos of me even when I say no on a video calling app?,TECHNOLOGY,GROOMING,"[""GROOMING""]"
ONLINE_STRANGERS_GROOMING_RISK,What should I save as proof if a person who joined my class chat on a voice chat wants pictures from inside my room?,TECHNOLOGY,GROOMING,"[""GROOMING""]"
ONLINE_STRANGERS_GROOMING_RISK,What should I do if a neighbour I barely know on Instagram keeps asking for my photos and says it proves I trust them?,TECHNOLOGY,GROOMING,"[""GROOMING""]"
ONLINE_STRANGERS_GROOMING_RISK,Why do I feel uncomfortable when a person who says they can help me become popular on a voice chat wants pictures from inside my room?,TECHNOLOGY,GROOMING,"[""GROOMING""]"
ONLINE_STRANGERS_GROOMING_RISK,How do I explain to my parents that someone from a homework help group on a video calling app said they can come near my house if I do not tell my parents?,TECHNOLOGY,GROOMING,"[""GROOMING""]"
ONLINE_STRANGERS_GROOMING_RISK,Is this grooming if someone from a music fan page on Minecraft server chat asked where I live and what time I am alone?,TECHNOLOGY,GROOMING,"[""GROOMING""]"
ONLINE_STRANGERS_GROOMING_RISK,What does it mean when someone I met in an online game on Minecraft server chat asked me to meet them near my tuition without telling anyone?,TECHNOLOGY,GROOMING,"[""GROOMING""]"
ONLINE_STRANGERS_GROOMING_RISK,What does it mean when someone who says they know my school on Snapchat keeps asking which park I go to after school?,TECHNOLOGY,GROOMING,"[""GROOMING""]"
ONLINE_STRANGERS_GROOMING_RISK,How do I explain to my parents that someone who says they are a talent scout on Discord wants to know my school name and pickup time?,TECHNOLOGY,GROOMING,"[""GROOMING""]"
ONLINE_STRANGERS_GROOMING_RISK,What are safe steps if a stranger who says they are also a kid on Telegram keeps asking which park I go to after school?,TECHNOLOGY,GROOMING,"[""GROOMING""]"
ONLINE_STRANGERS_GROOMING_RISK,Should I block a person who comments on my posts a lot on my email if they keeps asking which park I go to after school?,TECHNOLOGY,GROOMING,"[""GROOMING""]"
ONLINE_STRANGERS_GROOMING_RISK,Is it okay to keep chatting when someone who says they know my school on Instagram asked where I live and what time I am alone?,TECHNOLOGY,GROOMING,"[""GROOMING""]"
ONLINE_STRANGERS_GROOMING_RISK,What should I do if a person who follows me on social media on Facebook Messenger keeps asking which park I go to after school?,TECHNOLOGY,GROOMING,"[""GROOMING""]"
ONLINE_STRANGERS_GROOMING_RISK,Can a nice person still be unsafe if they keeps asking which park I go to after school on a video calling app?,TECHNOLOGY,GROOMING,"[""GROOMING""]"
ONLINE_STRANGERS_GROOMING_RISK,Who should I talk to if a person from a gaming server on my email asked where I live and what time I am alone?,TECHNOLOGY,GROOMING,"[""GROOMING""]"
ONLINE_STRANGERS_GROOMING_RISK,What should I do if a stranger who says they are also a kid on Instagram keeps asking which park I go to after school?,TECHNOLOGY,GROOMING,"[""GROOMING""]"
ONLINE_STRANGERS_GROOMING_RISK,Should I tell an adult if someone from a fan group on Snapchat wants to know my school name and pickup time?,TECHNOLOGY,GROOMING,"[""GROOMING""]"
ONLINE_STRANGERS_GROOMING_RISK,Is this grooming if a stranger who says they are also a kid on my email asked me to meet them near my tuition without telling anyone?,TECHNOLOGY,GROOMING,"[""GROOMING""]"
ONLINE_STRANGERS_GROOMING_RISK,Is this grooming if a person who says they can help me become popular on a secret chat keeps asking which park I go to after school?,TECHNOLOGY,GROOMING,"[""GROOMING""]"
ONLINE_STRANGERS_GROOMING_RISK,Who should I talk to if a stranger who messaged me after seeing my profile on Roblox chat asked where I live and what time I am alone?,TECHNOLOGY,GROOMING,"[""GROOMING""]"
ONLINE_STRANGERS_GROOMING_RISK,Should I tell an adult if a person who says they are my online best friend on Roblox chat said they can come near my house if I do not tell my parents?,TECHNOLOGY,GROOMING,"[""GROOMING""]"
ONLINE_STRANGERS_GROOMING_RISK,How can I stay safe when someone from a music fan page on Instagram said they can come near my house if I do not tell my parents?,TECHNOLOGY,GROOMING,"[""GROOMING""]"
ONLINE_STRANGERS_GROOMING_RISK,What should I do if a stranger who says they are also a kid on an online study group keeps asking which park I go to after school?,TECHNOLOGY,GROOMING,"[""GROOMING""]"
ONLINE_STRANGERS_GROOMING_RISK,Should I tell an adult if a person who follows me on social media on a gaming app keeps asking which park I go to after school?,TECHNOLOGY,GROOMING,"[""GROOMING""]"
ONLINE_STRANGERS_GROOMING_RISK,Who should I talk to if a person who joined my class chat on Snapchat asked where I live and what time I am alone?,TECHNOLOGY,GROOMING,"[""GROOMING""]"
ONLINE_STRANGERS_GROOMING_RISK,Who should I talk to if someone who says they know my school on Snapchat keeps asking which park I go to after school?,TECHNOLOGY,GROOMING,"[""GROOMING""]"
ONLINE_STRANGERS_GROOMING_RISK,How do I explain to my parents that a person who says they are my online best friend on Discord said they can come near my house if I do not tell my parents?,TECHNOLOGY,GROOMING,"[""GROOMING""]"
ONLINE_STRANGERS_GROOMING_RISK,Is it safe if a stranger who messaged me after seeing my profile on a voice chat wants to know my school name and pickup time?,TECHNOLOGY,GROOMING,"[""GROOMING""]"
ONLINE_STRANGERS_GROOMING_RISK,Should I tell an adult if a person from my tuition class on a new app they asked me to install asked where I live and what time I am alone?,TECHNOLOGY,GROOMING,"[""GROOMING""]"
ONLINE_STRANGERS_GROOMING_RISK,Is it safe if an older person from a group chat on Discord says I should stop talking to people who warn me about them?,TECHNOLOGY,GROOMING,"[""GROOMING""]"
ONLINE_STRANGERS_GROOMING_RISK,What should I do if a friend of my cousin on a private message gets upset when I spend time with my family instead of chatting?,TECHNOLOGY,GROOMING,"[""GROOMING""]"
ONLINE_STRANGERS_GROOMING_RISK,What should I do if someone I met in an online game on a gaming app gets upset when I spend time with my family instead of chatting?,TECHNOLOGY,GROOMING,"[""GROOMING""]"
ONLINE_STRANGERS_GROOMING_RISK,What does it mean when someone from a music fan page on Snapchat gets upset when I spend time with my family instead of chatting?,TECHNOLOGY,GROOMING,"[""GROOMING""]"
ONLINE_STRANGERS_GROOMING_RISK,What should I save as proof if a stranger from a video app on YouTube comments makes me feel guilty for not replying quickly?,TECHNOLOGY,GROOMING,"[""GROOMING""]"
ONLINE_STRANGERS_GROOMING_RISK,Should I block a stranger who messaged me after seeing my profile on a new app they asked me to install if they gets upset when I spend time with my family instead of chatting?,TECHNOLOGY,GROOMING,"[""GROOMING""]"
ONLINE_STRANGERS_GROOMING_RISK,What should I do if a person from a gaming server on Discord tells me my friends are fake and only they care about me?,TECHNOLOGY,GROOMING,"[""GROOMING""]"
ONLINE_STRANGERS_GROOMING_RISK,Why do I feel uncomfortable when someone who says they know my school on a new app they asked me to install gets upset when I spend time with my family instead of chatting?,TECHNOLOGY,GROOMING,"[""GROOMING""]"
ONLINE_STRANGERS_GROOMING_RISK,Should I block a person who says they are my online best friend on a text message if they makes me feel guilty for not replying quickly?,TECHNOLOGY,GROOMING,"[""GROOMING""]"
ONLINE_STRANGERS_GROOMING_RISK,Is it okay to keep chatting when someone I met during an online quiz on YouTube comments tells me my friends are fake and only they care about me?,TECHNOLOGY,GROOMING,"[""GROOMING""]"
ONLINE_STRANGERS_GROOMING_RISK,Can a nice person still be unsafe if they makes me feel guilty for not replying quickly on a voice chat?,TECHNOLOGY,GROOMING,"[""GROOMING""]"
ONLINE_STRANGERS_GROOMING_RISK,Who should I talk to if someone I met through a drawing community on Minecraft server chat says my parents are controlling and I should only trust them?,TECHNOLOGY,GROOMING,"[""GROOMING""]"
ONLINE_STRANGERS_GROOMING_RISK,Is it safe if a person who comments on my posts a lot on a fan club chat makes me feel guilty for not replying quickly?,TECHNOLOGY,GROOMING,"[""GROOMING""]"
ONLINE_STRANGERS_GROOMING_RISK,Should I tell an adult if someone I met in an online game on a school group chat tells me my friends are fake and only they care about me?,TECHNOLOGY,GROOMING,"[""GROOMING""]"
ONLINE_STRANGERS_GROOMING_RISK,How do I say no when someone I met in an online game on a video calling app says my parents are controlling and I should only trust them?,TECHNOLOGY,GROOMING,"[""GROOMING""]"
ONLINE_STRANGERS_GROOMING_RISK,What should I do if a person from a local community group on an online study group says my parents are controlling and I should only trust them?,TECHNOLOGY,GROOMING,"[""GROOMING""]"
ONLINE_STRANGERS_GROOMING_RISK,How do I explain to my parents that a stranger who says they are also a kid on a secret chat says my parents are controlling and I should only trust them?,TECHNOLOGY,GROOMING,"[""GROOMING""]"
ONLINE_STRANGERS_GROOMING_RISK,How do I explain to my parents that a senior student at school on Telegram tells me my friends are fake and only they care about me?,TECHNOLOGY,GROOMING,"[""GROOMING""]"
ONLINE_STRANGERS_GROOMING_RISK,Why do I feel uncomfortable when a stranger who says they are also a kid on Facebook Messenger tells me my friends are fake and only they care about me?,TECHNOLOGY,GROOMING,"[""GROOMING""]"
ONLINE_STRANGERS_GROOMING_RISK,How do I explain to my parents that someone who says they know my school on a fan club chat says my parents are controlling and I should only trust them?,TECHNOLOGY,GROOMING,"[""GROOMING""]"
ONLINE_STRANGERS_GROOMING_RISK,Is it okay to keep chatting when a stranger from a video app on a voice chat makes me feel guilty for not replying quickly?,TECHNOLOGY,GROOMING,"[""GROOMING""]"
ONLINE_STRANGERS_GROOMING_RISK,Is it okay to keep chatting when a stranger who messaged me after seeing my profile on Telegram makes me feel guilty for not replying quickly?,TECHNOLOGY,GROOMING,"[""GROOMING""]"
ONLINE_STRANGERS_GROOMING_RISK,Who should I talk to if someone I met during an online quiz on Snapchat gets upset when I spend time with my family instead of chatting?,TECHNOLOGY,GROOMING,"[""GROOMING""]"
ONLINE_STRANGERS_GROOMING_RISK,How do I say no when someone from a homework help group on a gaming app gets upset when I spend time with my family instead of chatting?,TECHNOLOGY,GROOMING,"[""GROOMING""]"
ONLINE_STRANGERS_GROOMING_RISK,Who should I talk to if a person from my sports practice on Snapchat says my parents are controlling and I should only trust them?,TECHNOLOGY,GROOMING,"[""GROOMING""]"
ONLINE_STRANGERS_GROOMING_RISK,What are safe steps if a person who comments on my posts a lot on a new app they asked me to install says age does not matter in a close friendship?,TECHNOLOGY,GROOMING,"[""GROOMING""]"
ONLINE_STRANGERS_GROOMING_RISK,Who should I talk to if a person who comments on my posts a lot on a secret chat pretends to be my age but their messages sound like an adult?,TECHNOLOGY,GROOMING,"[""GROOMING""]"
ONLINE_STRANGERS_GROOMING_RISK,How do I explain to my parents that a person from my tuition class on YouTube comments will not tell me their real age but asks personal questions?,TECHNOLOGY,GROOMING,"[""GROOMING""]"
ONLINE_STRANGERS_GROOMING_RISK,Is this grooming if a person from my tuition class on a school group chat keeps asking if I like talking to older people?,TECHNOLOGY,GROOMING,"[""GROOMING""]"
ONLINE_STRANGERS_GROOMING_RISK,How do I say no when a person from my tuition class on Telegram will not tell me their real age but asks personal questions?,TECHNOLOGY,GROOMING,"[""GROOMING""]"
ONLINE_STRANGERS_GROOMING_RISK,Should I block someone I met in an online game on YouTube comments if they keeps asking if I like talking to older people?,TECHNOLOGY,GROOMING,"[""GROOMING""]"
ONLINE_STRANGERS_GROOMING_RISK,Can a nice person still be unsafe if they pretends to be my age but their messages sound like an adult on Roblox chat?,TECHNOLOGY,GROOMING,"[""GROOMING""]"
ONLINE_STRANGERS_GROOMING_RISK,Should I tell an adult if a friend of my cousin on my email says they are older but I am mature enough to understand them?,TECHNOLOGY,GROOMING,"[""GROOMING""]"
ONLINE_STRANGERS_GROOMING_RISK,Is this grooming if a person from my sports practice on my email will not tell me their real age but asks personal questions?,TECHNOLOGY,GROOMING,"[""GROOMING""]"
ONLINE_STRANGERS_GROOMING_RISK,Who should I talk to if someone from a music fan page on a school group chat says age does not matter in a close friendship?,TECHNOLOGY,GROOMING,"[""GROOMING""]"
ONLINE_STRANGERS_GROOMING_RISK,What does it mean when a stranger who says they are also a kid on a text message will not tell me their real age but asks personal questions?,TECHNOLOGY,GROOMING,"[""GROOMING""]"
ONLINE_STRANGERS_GROOMING_RISK,What should I save as proof if a person from a gaming server on a private message says age does not matter in a close friendship?,TECHNOLOGY,GROOMING,"[""GROOMING""]"
ONLINE_STRANGERS_GROOMING_RISK,Is it okay to keep chatting when a neighbour I barely know on an online study group says they are older but I am mature enough to understand them?,TECHNOLOGY,GROOMING,"[""GROOMING""]"
ONLINE_STRANGERS_GROOMING_RISK,What should I do if a person who joined my class chat on an online study group pretends to be my age but their messages sound like an adult?,TECHNOLOGY,GROOMING,"[""GROOMING""]"
ONLINE_STRANGERS_GROOMING_RISK,What should I save as proof if someone who says they understand me better than my family on my email says they are older but I am mature enough to understand them?,TECHNOLOGY,GROOMING,"[""GROOMING""]"
ONLINE_STRANGERS_GROOMING_RISK,Can a nice person still be unsafe if they will not tell me their real age but asks personal questions on a new app they asked me to install?,TECHNOLOGY,GROOMING,"[""GROOMING""]"
ONLINE_STRANGERS_GROOMING_RISK,Should I tell an adult if a person from a gaming server on a gaming app will not tell me their real age but asks personal questions?,TECHNOLOGY,GROOMING,"[""GROOMING""]"
ONLINE_STRANGERS_GROOMING_RISK,Who should I talk to if an older person from a group chat on YouTube comments pretends to be my age but their messages sound like an adult?,TECHNOLOGY,GROOMING,"[""GROOMING""]"
ONLINE_STRANGERS_GROOMING_RISK,How can I stay safe when someone who says they are a talent scout on Roblox chat says they are older but I am mature enough to understand them?,TECHNOLOGY,GROOMING,"[""GROOMING""]"
ONLINE_STRANGERS_GROOMING_RISK,Who should I talk to if someone from a homework help group on an online study group says they are older but I am mature enough to understand them?,TECHNOLOGY,GROOMING,"[""GROOMING""]"
ONLINE_STRANGERS_GROOMING_RISK,Can a nice person still be unsafe if they says they are older but I am mature enough to understand them on a gaming app?,TECHNOLOGY,GROOMING,"[""GROOMING""]"
ONLINE_STRANGERS_GROOMING_RISK,Is this grooming if someone from a fan group on Telegram pretends to be my age but their messages sound like an adult?,TECHNOLOGY,GROOMING,"[""GROOMING""]"
ONLINE_STRANGERS_GROOMING_RISK,How can I stay safe when a person who joined my class chat on Facebook Messenger says they are older but I am mature enough to understand them?,TECHNOLOGY,GROOMING,"[""GROOMING""]"
ONLINE_STRANGERS_GROOMING_RISK,What are safe steps if someone I met through a drawing community on a gaming app says they are older but I am mature enough to understand them?,TECHNOLOGY,GROOMING,"[""GROOMING""]"
ONLINE_STRANGERS_GROOMING_RISK,What does it mean when a person who follows me on social media on a private message pretends to be my age but their messages sound like an adult?,TECHNOLOGY,GROOMING,"[""GROOMING""]"
ONLINE_STRANGERS_GROOMING_RISK,Should I tell an adult if an older person from a group chat on Minecraft server chat keeps warning me not to screenshot our chat?,TECHNOLOGY,GROOMING,"[""GROOMING""]"
ONLINE_STRANGERS_GROOMING_RISK,How do I explain to my parents that a neighbour I barely know on a fan club chat said I will get in trouble if anyone sees our conversation?,TECHNOLOGY,GROOMING,"[""GROOMING""]"
ONLINE_STRANGERS_GROOMING_RISK,What should I save as proof if someone who says they know my school on YouTube comments threatened to tell lies about me if I block them?,TECHNOLOGY,GROOMING,"[""GROOMING""]"
ONLINE_STRANGERS_GROOMING_RISK,Who should I talk to if a neighbour I barely know on a school group chat said I will get in trouble if anyone sees our conversation?,TECHNOLOGY,GROOMING,"[""GROOMING""]"
ONLINE_STRANGERS_GROOMING_RISK,Should I block someone who says they are a talent scout on a secret chat if they said they will share my messages if I stop replying?,TECHNOLOGY,GROOMING,"[""GROOMING""]"
ONLINE_STRANGERS_GROOMING_RISK,Who should I talk to if a person from my sports practice on a video calling app threatened to tell lies about me if I block them?,TECHNOLOGY,GROOMING,"[""GROOMING""]"
ONLINE_STRANGERS_GROOMING_RISK,How can I stay safe when a friend of my cousin on a gaming app keeps warning me not to screenshot our chat?,TECHNOLOGY,GROOMING,"[""GROOMING""]"
ONLINE_STRANGERS_GROOMING_RISK,How can I stay safe when someone from a music fan page on a secret chat said they will share my messages if I stop replying?,TECHNOLOGY,GROOMING,"[""GROOMING""]"
ONLINE_STRANGERS_GROOMING_RISK,What should I do if someone I met through a drawing community on Minecraft server chat threatened to tell lies about me if I block them?,TECHNOLOGY,GROOMING,"[""GROOMING""]"
ONLINE_STRANGERS_GROOMING_RISK,What should I do if a person who comments on my posts a lot on my email keeps warning me not to screenshot our chat?,TECHNOLOGY,GROOMING,"[""GROOMING""]"
ONLINE_STRANGERS_GROOMING_RISK,Should I tell an adult if a stranger who says they are also a kid on WhatsApp threatened to tell lies about me if I block them?,TECHNOLOGY,GROOMING,"[""GROOMING""]"
ONLINE_STRANGERS_GROOMING_RISK,Can a nice person still be unsafe if they keeps warning me not to screenshot our chat on a video calling app?,TECHNOLOGY,GROOMING,"[""GROOMING""]"
ONLINE_STRANGERS_GROOMING_RISK,Is it okay to keep chatting when a person from a gaming server on WhatsApp said they will embarrass me online if I tell an adult?,TECHNOLOGY,GROOMING,"[""GROOMING""]"
ONLINE_STRANGERS_GROOMING_RISK,What should I do if someone who says they are a talent scout on a video calling app threatened to tell lies about me if I block them?,TECHNOLOGY,GROOMING,"[""GROOMING""]"
ONLINE_STRANGERS_GROOMING_RISK,How can I stay safe when a stranger who messaged me after seeing my profile on Telegram threatened to tell lies about me if I block them?,TECHNOLOGY,GROOMING,"[""GROOMING""]"
ONLINE_STRANGERS_GROOMING_RISK,Should I block a person from a local community group on a school group chat if they said they will embarrass me online if I tell an adult?,TECHNOLOGY,GROOMING,"[""GROOMING""]"
ONLINE_STRANGERS_GROOMING_RISK,What should I do if a friend of my cousin on WhatsApp said they will embarrass me online if I tell an adult?,TECHNOLOGY,GROOMING,"[""GROOMING""]"
ONLINE_STRANGERS_GROOMING_RISK,Should I block a stranger who messaged me after seeing my profile on a private message if they said I will get in trouble if anyone sees our conversation?,TECHNOLOGY,GROOMING,"[""GROOMING""]"
ONLINE_STRANGERS_GROOMING_RISK,Is it safe if someone from a music fan page on a voice chat said I will get in trouble if anyone sees our conversation?,TECHNOLOGY,GROOMING,"[""GROOMING""]"
ONLINE_STRANGERS_GROOMING_RISK,What should I do if someone from a fan group on Instagram threatened to tell lies about me if I block them?,TECHNOLOGY,GROOMING,"[""GROOMING""]"
ONLINE_STRANGERS_GROOMING_RISK,What does it mean when a friend of my cousin on an online study group threatened to tell lies about me if I block them?,TECHNOLOGY,GROOMING,"[""GROOMING""]"
ONLINE_STRANGERS_GROOMING_RISK,How do I explain to my parents that a person who says they can help me become popular on YouTube comments said I will get in trouble if anyone sees our conversation?,TECHNOLOGY,GROOMING,"[""GROOMING""]"
ONLINE_STRANGERS_GROOMING_RISK,Is this grooming if someone from a fan group on Roblox chat threatened to tell lies about me if I block them?,TECHNOLOGY,GROOMING,"[""GROOMING""]"
ONLINE_STRANGERS_GROOMING_RISK,Can a nice person still be unsafe if they said they will share my messages if I stop replying on a private message?,TECHNOLOGY,GROOMING,"[""GROOMING""]"
ONLINE_STRANGERS_GROOMING_RISK,What are safe steps if someone I met through a drawing community on a fan club chat keeps warning me not to screenshot our chat?,TECHNOLOGY,GROOMING,"[""GROOMING""]"
ONLINE_STRANGERS_GROOMING_RISK,Is it okay to keep chatting when a person from my tuition class on Telegram gets angry when I do not say I care about them?,TECHNOLOGY,GROOMING,"[""GROOMING""]"
ONLINE_STRANGERS_GROOMING_RISK,What should I save as proof if someone who says they understand me better than my family on a fan club chat says I hurt them if I do not chat late at night?,TECHNOLOGY,GROOMING,"[""GROOMING""]"
ONLINE_STRANGERS_GROOMING_RISK,Who should I talk to if a stranger who messaged me after seeing my profile on a video calling app says they cannot live without my replies?,TECHNOLOGY,GROOMING,"[""GROOMING""]"
ONLINE_STRANGERS_GROOMING_RISK,What are safe steps if someone I met through a drawing community on a school group chat keeps saying our bond is special and no one else should know?,TECHNOLOGY,GROOMING,"[""GROOMING""]"
ONLINE_STRANGERS_GROOMING_RISK,How do I explain to my parents that a person who comments on my posts a lot on a text message says I am the only person who makes them happy?,TECHNOLOGY,GROOMING,"[""GROOMING""]"
ONLINE_STRANGERS_GROOMING_RISK,Is it okay to keep chatting when a friend of my cousin on a video calling app says I am the only person who makes them happy?,TECHNOLOGY,GROOMING,"[""GROOMING""]"
ONLINE_STRANGERS_GROOMING_RISK,Can a nice person still be unsafe if they says I hurt them if I do not chat late at night on a text message?,TECHNOLOGY,GROOMING,"[""GROOMING""]"
ONLINE_STRANGERS_GROOMING_RISK,Is it okay to keep chatting when a person who follows me on social media on Minecraft server chat gets angry when I do not say I care about them?,TECHNOLOGY,GROOMING,"[""GROOMING""]"
ONLINE_STRANGERS_GROOMING_RISK,Can a nice person still be unsafe if they says they cannot live without my replies on a gaming app?,TECHNOLOGY,GROOMING,"[""GROOMING""]"
ONLINE_STRANGERS_GROOMING_RISK,What does it mean when a person from a gaming server on my email keeps saying our bond is special and no one else should know?,TECHNOLOGY,GROOMING,"[""GROOMING""]"
ONLINE_STRANGERS_GROOMING_RISK,Is it safe if someone who says they are a talent scout on a school group chat keeps saying our bond is special and no one else should know?,TECHNOLOGY,GROOMING,"[""GROOMING""]"
ONLINE_STRANGERS_GROOMING_RISK,Should I tell an adult if a person who says they can help me become popular on Discord gets angry when I do not say I care about them?,TECHNOLOGY,GROOMING,"[""GROOMING""]"
ONLINE_STRANGERS_GROOMING_RISK,What are safe steps if a person who says they can help me become popular on my email says they cannot live without my replies?,TECHNOLOGY,GROOMING,"[""GROOMING""]"
ONLINE_STRANGERS_GROOMING_RISK,What does it mean when a person who says they are my online best friend on Roblox chat says I hurt them if I do not chat late at night?,TECHNOLOGY,GROOMING,"[""GROOMING""]"
ONLINE_STRANGERS_GROOMING_RISK,How can I stay safe when a neighbour I barely know on Snapchat gets angry when I do not say I care about them?,TECHNOLOGY,GROOMING,"[""GROOMING""]"
ONLINE_STRANGERS_GROOMING_RISK,Is it okay to keep chatting when someone who says they know my school on Facebook Messenger says I hurt them if I do not chat late at night?,TECHNOLOGY,GROOMING,"[""GROOMING""]"
ONLINE_STRANGERS_GROOMING_RISK,Is it okay to keep chatting when an older person from a group chat on a private message says I hurt them if I do not chat late at night?,TECHNOLOGY,GROOMING,"[""GROOMING""]"
ONLINE_STRANGERS_GROOMING_RISK,Can a nice person still be unsafe if they keeps saying our bond is special and no one else should know on a private message?,TECHNOLOGY,GROOMING,"[""GROOMING""]"
ONLINE_STRANGERS_GROOMING_RISK,Why do I feel uncomfortable when someone I met in an online game on WhatsApp says they cannot live without my replies?,TECHNOLOGY,GROOMING,"[""GROOMING""]"
ONLINE_STRANGERS_GROOMING_RISK,Is this grooming if someone I met during an online quiz on Roblox chat says they cannot live without my replies?,TECHNOLOGY,GROOMING,"[""GROOMING""]"
ONLINE_STRANGERS_GROOMING_RISK,How can I stay safe when a person from a gaming server on a text message says they cannot live without my replies?,TECHNOLOGY,GROOMING,"[""GROOMING""]"
ONLINE_STRANGERS_GROOMING_RISK,Is it okay to keep chatting when a friend of my cousin on a fan club chat says they cannot live without my replies?,TECHNOLOGY,GROOMING,"[""GROOMING""]"
ONLINE_STRANGERS_GROOMING_RISK,What are safe steps if a person who follows me on social media on a video calling app says I hurt them if I do not chat late at night?,TECHNOLOGY,GROOMING,"[""GROOMING""]"
ONLINE_STRANGERS_GROOMING_RISK,Is it safe if a person from a gaming server on Discord says I am the only person who makes them happy?,TECHNOLOGY,GROOMING,"[""GROOMING""]"
ONLINE_STRANGERS_GROOMING_RISK,Is it safe if someone from a homework help group on WhatsApp keeps saying our bond is special and no one else should know?,TECHNOLOGY,GROOMING,"[""GROOMING""]"
ONLINE_STRANGERS_GROOMING_RISK,What are safe steps if someone I met through a drawing community on WhatsApp changes normal chats into uncomfortable personal topics?,TECHNOLOGY,GROOMING,"[""GROOMING""]"
ONLINE_STRANGERS_GROOMING_RISK,Should I block a person who joined my class chat on Discord if they changes normal chats into uncomfortable personal topics?,TECHNOLOGY,GROOMING,"[""GROOMING""]"
ONLINE_STRANGERS_GROOMING_RISK,How do I explain to my parents that a person who follows me on social media on YouTube comments sends messages that feel inappropriate and says I am overreacting?,TECHNOLOGY,GROOMING,"[""GROOMING""]"
ONLINE_STRANGERS_GROOMING_RISK,Is it okay to keep chatting when a stranger from a video app on my email keeps making grown-up jokes that make me uncomfortable?,TECHNOLOGY,GROOMING,"[""GROOMING""]"
ONLINE_STRANGERS_GROOMING_RISK,What should I do if an older person from a group chat on Snapchat asks me to keep talking even when the topic feels wrong?,TECHNOLOGY,GROOMING,"[""GROOMING""]"
ONLINE_STRANGERS_GROOMING_RISK,Can a nice person still be unsafe if they keeps making grown-up jokes that make me uncomfortable on Instagram?,TECHNOLOGY,GROOMING,"[""GROOMING""]"
ONLINE_STRANGERS_GROOMING_RISK,Is it okay to keep chatting when a stranger who says they are also a kid on a video calling app keeps making grown-up jokes that make me uncomfortable?,TECHNOLOGY,GROOMING,"[""GROOMING""]"
ONLINE_STRANGERS_GROOMING_RISK,Is it okay to keep chatting when someone who says they are a talent scout on my email keeps making grown-up jokes that make me uncomfortable?,TECHNOLOGY,GROOMING,"[""GROOMING""]"
ONLINE_STRANGERS_GROOMING_RISK,Should I block a person who comments on my posts a lot on Minecraft server chat if they asks questions that feel too private for a child?,TECHNOLOGY,GROOMING,"[""GROOMING""]"
ONLINE_STRANGERS_GROOMING_RISK,Who should I talk to if someone from a music fan page on Discord asks questions that feel too private for a child?,TECHNOLOGY,GROOMING,"[""GROOMING""]"
ONLINE_STRANGERS_GROOMING_RISK,Who should I talk to if a person from my sports practice on YouTube comments keeps making grown-up jokes that make me uncomfortable?,TECHNOLOGY,GROOMING,"[""GROOMING""]"
ONLINE_STRANGERS_GROOMING_RISK,Why do I feel uncomfortable when a person from my tuition class on WhatsApp asks me to keep talking even when the topic feels wrong?,TECHNOLOGY,GROOMING,"[""GROOMING""]"
ONLINE_STRANGERS_GROOMING_RISK,Is it safe if someone I met through a drawing community on a school group chat keeps making grown-up jokes that make me uncomfortable?,TECHNOLOGY,GROOMING,"[""GROOMING""]"
ONLINE_STRANGERS_GROOMING_RISK,How do I say no when a stranger who says they are also a kid on WhatsApp keeps making grown-up jokes that make me uncomfortable?,TECHNOLOGY,GROOMING,"[""GROOMING""]"
ONLINE_STRANGERS_GROOMING_RISK,Why do I feel uncomfortable when a person who follows me on social media on a school group chat sends messages that feel inappropriate and says I am overreacting?,TECHNOLOGY,GROOMING,"[""GROOMING""]"
ONLINE_STRANGERS_GROOMING_RISK,Can a nice person still be unsafe if they keeps making grown-up jokes that make me uncomfortable on a text message?,TECHNOLOGY,GROOMING,"[""GROOMING""]"
ONLINE_STRANGERS_GROOMING_RISK,How can I stay safe when a senior student at school on a gaming app keeps making grown-up jokes that make me uncomfortable?,TECHNOLOGY,GROOMING,"[""GROOMING""]"
ONLINE_STRANGERS_GROOMING_RISK,Is this grooming if an older person from a group chat on a secret chat asks me to keep talking even when the topic feels wrong?,TECHNOLOGY,GROOMING,"[""GROOMING""]"
ONLINE_STRANGERS_GROOMING_RISK,What does it mean when someone I met during an online quiz on Telegram sends messages that feel inappropriate and says I am overreacting?,TECHNOLOGY,GROOMING,"[""GROOMING""]"
ONLINE_STRANGERS_GROOMING_RISK,Should I tell an adult if a neighbour I barely know on Roblox chat asks questions that feel too private for a child?,TECHNOLOGY,GROOMING,"[""GROOMING""]"
ONLINE_STRANGERS_GROOMING_RISK,Who should I talk to if a stranger who messaged me after seeing my profile on Roblox chat keeps making grown-up jokes that make me uncomfortable?,TECHNOLOGY,GROOMING,"[""GROOMING""]"
ONLINE_STRANGERS_GROOMING_RISK,Who should I talk to if someone from a homework help group on Minecraft server chat asks questions that feel too private for a child?,TECHNOLOGY,GROOMING,"[""GROOMING""]"
ONLINE_STRANGERS_GROOMING_RISK,What should I do if someone from a fan group on an online study group changes normal chats into uncomfortable personal topics?,TECHNOLOGY,GROOMING,"[""GROOMING""]"
ONLINE_STRANGERS_GROOMING_RISK,What should I save as proof if a friend of my cousin on a gaming app asks me to keep talking even when the topic feels wrong?,TECHNOLOGY,GROOMING,"[""GROOMING""]"
ONLINE_STRANGERS_GROOMING_RISK,How can I stay safe when a person who follows me on social media on a secret chat asks me to keep talking even when the topic feels wrong?,TECHNOLOGY,GROOMING,"[""GROOMING""]"
ONLINE_STRANGERS_GROOMING_RISK,What are safe steps if someone who says they understand me better than my family on a text message keeps telling me not to save any messages?,TECHNOLOGY,GROOMING,"[""GROOMING""]"
ONLINE_STRANGERS_GROOMING_RISK,Who should I talk to if a stranger from a video app on Snapchat told me to delete our chat after every conversation?,TECHNOLOGY,GROOMING,"[""GROOMING""]"
ONLINE_STRANGERS_GROOMING_RISK,How do I say no when someone from a music fan page on a gaming app asked me to use a nickname so adults cannot find the chat?,TECHNOLOGY,GROOMING,"[""GROOMING""]"
ONLINE_STRANGERS_GROOMING_RISK,Can a nice person still be unsafe if they asked me to turn off disappearing message alerts on an online study group?,TECHNOLOGY,GROOMING,"[""GROOMING""]"
ONLINE_STRANGERS_GROOMING_RISK,How do I explain to my parents that a stranger who messaged me after seeing my profile on an online study group said I should clear call history so no one worries?,TECHNOLOGY,GROOMING,"[""GROOMING""]"
ONLINE_STRANGERS_GROOMING_RISK,Who should I talk to if a stranger from a video app on a fan club chat told me to delete our chat after every conversation?,TECHNOLOGY,GROOMING,"[""GROOMING""]"
ONLINE_STRANGERS_GROOMING_RISK,How do I explain to my parents that a senior student at school on Snapchat asked me to turn off disappearing message alerts?,TECHNOLOGY,GROOMING,"[""GROOMING""]"
ONLINE_STRANGERS_GROOMING_RISK,What should I do if someone who says they understand me better than my family on a secret chat keeps telling me not to save any messages?,TECHNOLOGY,GROOMING,"[""GROOMING""]"
ONLINE_STRANGERS_GROOMING_RISK,What should I save as proof if someone who says they understand me better than my family on WhatsApp said I should clear call history so no one worries?,TECHNOLOGY,GROOMING,"[""GROOMING""]"
ONLINE_STRANGERS_GROOMING_RISK,What are safe steps if a stranger who messaged me after seeing my profile on a text message keeps telling me not to save any messages?,TECHNOLOGY,GROOMING,"[""GROOMING""]"
ONLINE_STRANGERS_GROOMING_RISK,Who should I talk to if someone who says they know my school on a secret chat told me to delete our chat after every conversation?,TECHNOLOGY,GROOMING,"[""GROOMING""]"
ONLINE_STRANGERS_GROOMING_RISK,What does it mean when a stranger who says they are also a kid on a secret chat keeps telling me not to save any messages?,TECHNOLOGY,GROOMING,"[""GROOMING""]"
ONLINE_STRANGERS_GROOMING_RISK,What should I do if someone who says they understand me better than my family on Instagram told me to delete our chat after every conversation?,TECHNOLOGY,GROOMING,"[""GROOMING""]"
ONLINE_STRANGERS_GROOMING_RISK,What should I do if a person from my tuition class on Minecraft server chat said I should clear call history so no one worries?,TECHNOLOGY,GROOMING,"[""GROOMING""]"
ONLINE_STRANGERS_GROOMING_RISK,Can a nice person still be unsafe if they told me to delete our chat after every conversation on a school group chat?,TECHNOLOGY,GROOMING,"[""GROOMING""]"
ONLINE_STRANGERS_GROOMING_RISK,Should I tell an adult if someone I met during an online quiz on Facebook Messenger asked me to use a nickname so adults cannot find the chat?,TECHNOLOGY,GROOMING,"[""GROOMING""]"
ONLINE_STRANGERS_GROOMING_RISK,Is it okay to keep chatting when someone I met during an online quiz on YouTube comments said I should clear call history so no one worries?,TECHNOLOGY,GROOMING,"[""GROOMING""]"
ONLINE_STRANGERS_GROOMING_RISK,How do I say no when an older person from a group chat on Discord asked me to use a nickname so adults cannot find the chat?,TECHNOLOGY,GROOMING,"[""GROOMING""]"
ONLINE_STRANGERS_GROOMING_RISK,How do I explain to my parents that someone I met through a drawing community on a new app they asked me to install asked me to use a nickname so adults cannot find the chat?,TECHNOLOGY,GROOMING,"[""GROOMING""]"
ONLINE_STRANGERS_GROOMING_RISK,Should I tell an adult if an older person from a group chat on Roblox chat keeps telling me not to save any messages?,TECHNOLOGY,GROOMING,"[""GROOMING""]"
ONLINE_STRANGERS_GROOMING_RISK,Why do I feel uncomfortable when someone who says they know my school on a gaming app asked me to turn off disappearing message alerts?,TECHNOLOGY,GROOMING,"[""GROOMING""]"
ONLINE_STRANGERS_GROOMING_RISK,Is this grooming if a person who joined my class chat on a text message told me to delete our chat after every conversation?,TECHNOLOGY,GROOMING,"[""GROOMING""]"
ONLINE_STRANGERS_GROOMING_RISK,Is it okay to keep chatting when someone I met in an online game on Roblox chat asked me to turn off disappearing message alerts?,TECHNOLOGY,GROOMING,"[""GROOMING""]"
ONLINE_STRANGERS_GROOMING_RISK,How do I say no when a person from a local community group on a gaming app said I should clear call history so no one worries?,TECHNOLOGY,GROOMING,"[""GROOMING""]"
ONLINE_STRANGERS_GROOMING_RISK,What should I do if someone who says they understand me better than my family on Minecraft server chat keeps telling me not to save any messages?,TECHNOLOGY,GROOMING,"[""GROOMING""]"
ONLINE_STRANGERS_GROOMING_RISK,What are safe steps if a person from my tuition class on WhatsApp claims they can get me into a team if I keep it secret?,TECHNOLOGY,GROOMING,"[""GROOMING""]"
ONLINE_STRANGERS_GROOMING_RISK,Should I tell an adult if a stranger from a video app on a fan club chat says they can make me famous if I trust them?,TECHNOLOGY,GROOMING,"[""GROOMING""]"
ONLINE_STRANGERS_GROOMING_RISK,How do I say no when someone I met through a drawing community on a gaming app offered coaching but wants personal details first?,TECHNOLOGY,GROOMING,"[""GROOMING""]"
ONLINE_STRANGERS_GROOMING_RISK,How do I explain to my parents that a stranger who says they are also a kid on a text message offered coaching but wants personal details first?,TECHNOLOGY,GROOMING,"[""GROOMING""]"
ONLINE_STRANGERS_GROOMING_RISK,What should I save as proof if someone who says they understand me better than my family on my email offered to mentor me but avoids speaking to my parents?,TECHNOLOGY,GROOMING,"[""GROOMING""]"
ONLINE_STRANGERS_GROOMING_RISK,What should I do if a person who comments on my posts a lot on Roblox chat says they can help with my homework only if we chat privately?,TECHNOLOGY,GROOMING,"[""GROOMING""]"
ONLINE_STRANGERS_GROOMING_RISK,Who should I talk to if someone who says they understand me better than my family on a private message offered coaching but wants personal details first?,TECHNOLOGY,GROOMING,"[""GROOMING""]"
ONLINE_STRANGERS_GROOMING_RISK,Who should I talk to if a friend of my cousin on a video calling app offered to mentor me but avoids speaking to my parents?,TECHNOLOGY,GROOMING,"[""GROOMING""]"
ONLINE_STRANGERS_GROOMING_RISK,Can a nice person still be unsafe if they says they can help with my homework only if we chat privately on Roblox chat?,TECHNOLOGY,GROOMING,"[""GROOMING""]"
ONLINE_STRANGERS_GROOMING_RISK,How do I explain to my parents that someone who says they know my school on my email claims they can get me into a team if I keep it secret?,TECHNOLOGY,GROOMING,"[""GROOMING""]"
ONLINE_STRANGERS_GROOMING_RISK,Is this grooming if a person from my tuition class on a fan club chat offered to mentor me but avoids speaking to my parents?,TECHNOLOGY,GROOMING,"[""GROOMING""]"
ONLINE_STRANGERS_GROOMING_RISK,How do I explain to my parents that someone who says they understand me better than my family on my email offered coaching but wants personal details first?,TECHNOLOGY,GROOMING,"[""GROOMING""]"
ONLINE_STRANGERS_GROOMING_RISK,Should I tell an adult if someone from a homework help group on a video calling app claims they can get me into a team if I keep it secret?,TECHNOLOGY,GROOMING,"[""GROOMING""]"
ONLINE_STRANGERS_GROOMING_RISK,Is it okay to keep chatting when a stranger from a video app on Minecraft server chat says they can help with my homework only if we chat privately?,TECHNOLOGY,GROOMING,"[""GROOMING""]"
ONLINE_STRANGERS_GROOMING_RISK,Can a nice person still be unsafe if they says they can make me famous if I trust them on YouTube comments?,TECHNOLOGY,GROOMING,"[""GROOMING""]"
ONLINE_STRANGERS_GROOMING_RISK,What should I do if a person who says they can help me become popular on Instagram says they can make me famous if I trust them?,TECHNOLOGY,GROOMING,"[""GROOMING""]"
ONLINE_STRANGERS_GROOMING_RISK,How do I say no when a friend of my cousin on Instagram claims they can get me into a team if I keep it secret?,TECHNOLOGY,GROOMING,"[""GROOMING""]"
ONLINE_STRANGERS_GROOMING_RISK,How do I say no when someone who says they understand me better than my family on Roblox chat says they can help with my homework only if we chat privately?,TECHNOLOGY,GROOMING,"[""GROOMING""]"
ONLINE_STRANGERS_GROOMING_RISK,Is this grooming if someone I met in an online game on Discord says they can help with my homework only if we chat privately?,TECHNOLOGY,GROOMING,"[""GROOMING""]"
ONLINE_STRANGERS_GROOMING_RISK,Should I block someone I met through a drawing community on my email if they offered coaching but wants personal details first?,TECHNOLOGY,GROOMING,"[""GROOMING""]"
ONLINE_STRANGERS_GROOMING_RISK,Can a nice person still be unsafe if they offered coaching but wants personal details first on YouTube comments?,TECHNOLOGY,GROOMING,"[""GROOMING""]"
ONLINE_STRANGERS_GROOMING_RISK,What does it mean when someone who says they are a talent scout on Instagram says they can help with my homework only if we chat privately?,TECHNOLOGY,GROOMING,"[""GROOMING""]"
ONLINE_STRANGERS_GROOMING_RISK,How can I stay safe when someone from a music fan page on Instagram claims they can get me into a team if I keep it secret?,TECHNOLOGY,GROOMING,"[""GROOMING""]"
ONLINE_STRANGERS_GROOMING_RISK,Is it okay to keep chatting when a person who comments on my posts a lot on Roblox chat offered to mentor me but avoids speaking to my parents?,TECHNOLOGY,GROOMING,"[""GROOMING""]"
ONLINE_STRANGERS_GROOMING_RISK,Why do I feel uncomfortable when a person from my sports practice on a school group chat says they can make me famous if I trust them?,TECHNOLOGY,GROOMING,"[""GROOMING""]"
ONLINE_STRANGERS_GROOMING_RISK,Who should I talk to if someone I met during an online quiz on Telegram keeps calling me special and asks me not to listen to others?,TECHNOLOGY,GROOMING,"[""GROOMING""]"
ONLINE_STRANGERS_GROOMING_RISK,Can a nice person still be unsafe if they gives me lots of compliments and then asks for secrets on a voice chat?,TECHNOLOGY,GROOMING,"[""GROOMING""]"
ONLINE_STRANGERS_GROOMING_RISK,What should I save as proof if a senior student at school on Instagram keeps calling me special and asks me not to listen to others?,TECHNOLOGY,GROOMING,"[""GROOMING""]"
ONLINE_STRANGERS_GROOMING_RISK,What should I save as proof if someone from a music fan page on Discord messages me every day with praise and asks private questions?,TECHNOLOGY,GROOMING,"[""GROOMING""]"
ONLINE_STRANGERS_GROOMING_RISK,Is it safe if a person from my tuition class on a private message says I am more mature than other kids and should trust them?,TECHNOLOGY,GROOMING,"[""GROOMING""]"
ONLINE_STRANGERS_GROOMING_RISK,What does it mean when a person who says they can help me become popular on an online study group makes me feel important but also asks me to hide the chats?,TECHNOLOGY,GROOMING,"[""GROOMING""]"
ONLINE_STRANGERS_GROOMING_RISK,Is it okay to keep chatting when a stranger who says they are also a kid on Discord makes me feel important but also asks me to hide the chats?,TECHNOLOGY,GROOMING,"[""GROOMING""]"
ONLINE_STRANGERS_GROOMING_RISK,What should I do if a senior student at school on Minecraft server chat keeps calling me special and asks me not to listen to others?,TECHNOLOGY,GROOMING,"[""GROOMING""]"
ONLINE_STRANGERS_GROOMING_RISK,Is it okay to keep chatting when someone from a homework help group on a voice chat says I am more mature than other kids and should trust them?,TECHNOLOGY,GROOMING,"[""GROOMING""]"
ONLINE_STRANGERS_GROOMING_RISK,Should I tell an adult if someone from a music fan page on a video calling app keeps calling me special and asks me not to listen to others?,TECHNOLOGY,GROOMING,"[""GROOMING""]"
ONLINE_STRANGERS_GROOMING_RISK,Who should I talk to if a person from my sports practice on Snapchat keeps calling me special and asks me not to listen to others?,TECHNOLOGY,GROOMING,"[""GROOMING""]"
ONLINE_STRANGERS_GROOMING_RISK,Can a nice person still be unsafe if they makes me feel important but also asks me to hide the chats on Discord?,TECHNOLOGY,GROOMING,"[""GROOMING""]"
ONLINE_STRANGERS_GROOMING_RISK,What does it mean when a person who says they are my online best friend on WhatsApp says I am more mature than other kids and should trust them?,TECHNOLOGY,GROOMING,"[""GROOMING""]"
ONLINE_STRANGERS_GROOMING_RISK,Is it safe if a senior student at school on YouTube comments keeps calling me special and asks me not to listen to others?,TECHNOLOGY,GROOMING,"[""GROOMING""]"
ONLINE_STRANGERS_GROOMING_RISK,What should I save as proof if someone from a music fan page on a secret chat makes me feel important but also asks me to hide the chats?,TECHNOLOGY,GROOMING,"[""GROOMING""]"
ONLINE_STRANGERS_GROOMING_RISK,Is it safe if a person from my sports practice on Facebook Messenger keeps calling me special and asks me not to listen to others?,TECHNOLOGY,GROOMING,"[""GROOMING""]"
ONLINE_STRANGERS_GROOMING_RISK,What should I save as proof if a neighbour I barely know on a video calling app makes me feel important but also asks me to hide the chats?,TECHNOLOGY,GROOMING,"[""GROOMING""]"
ONLINE_STRANGERS_GROOMING_RISK,Can a nice person still be unsafe if they gives me lots of compliments and then asks for secrets on Telegram?,TECHNOLOGY,GROOMING,"[""GROOMING""]"
ONLINE_STRANGERS_GROOMING_RISK,How can I stay safe when someone I met in an online game on my email keeps calling me special and asks me not to listen to others?,TECHNOLOGY,GROOMING,"[""GROOMING""]"
ONLINE_STRANGERS_GROOMING_RISK,Who should I talk to if a person from a local community group on a video calling app makes me feel important but also asks me to hide the chats?,TECHNOLOGY,GROOMING,"[""GROOMING""]"
ONLINE_STRANGERS_GROOMING_RISK,Is it safe if a person who joined my class chat on a secret chat makes me feel important but also asks me to hide the chats?,TECHNOLOGY,GROOMING,"[""GROOMING""]"
ONLINE_STRANGERS_GROOMING_RISK,How do I explain to my parents that a stranger who messaged me after seeing my profile on Snapchat says I am more mature than other kids and should trust them?,TECHNOLOGY,GROOMING,"[""GROOMING""]"
ONLINE_STRANGERS_GROOMING_RISK,Is it okay to keep chatting when a senior student at school on a private message makes me feel important but also asks me to hide the chats?,TECHNOLOGY,GROOMING,"[""GROOMING""]"
ONLINE_STRANGERS_GROOMING_RISK,What should I save as proof if a stranger who messaged me after seeing my profile on Discord gives me lots of compliments and then asks for secrets?,TECHNOLOGY,GROOMING,"[""GROOMING""]"
ONLINE_STRANGERS_GROOMING_RISK,What should I do if someone from a homework help group on a text message says I am more mature than other kids and should trust them?,TECHNOLOGY,GROOMING,"[""GROOMING""]"
ONLINE_STRANGERS_GROOMING_RISK,What should I save as proof if a friend of my cousin on my email asks me to keep my phone near me after bedtime?,TECHNOLOGY,GROOMING,"[""GROOMING""]"
ONLINE_STRANGERS_GROOMING_RISK,What should I do if someone from a homework help group on WhatsApp asks me to chat after everyone at home is asleep?,TECHNOLOGY,GROOMING,"[""GROOMING""]"
ONLINE_STRANGERS_GROOMING_RISK,Is this grooming if a friend of my cousin on a secret chat asks me to keep my phone near me after bedtime?,TECHNOLOGY,GROOMING,"[""GROOMING""]"
ONLINE_STRANGERS_GROOMING_RISK,Why do I feel uncomfortable when someone from a music fan page on Facebook Messenger asks me to keep my phone near me after bedtime?,TECHNOLOGY,GROOMING,"[""GROOMING""]"
ONLINE_STRANGERS_GROOMING_RISK,Is it safe if someone who says they are a talent scout on a new app they asked me to install wants to video call late at night when I am alone?,TECHNOLOGY,GROOMING,"[""GROOMING""]"
ONLINE_STRANGERS_GROOMING_RISK,How do I say no when a person from a local community group on my email gets upset if I do not reply at night?,TECHNOLOGY,GROOMING,"[""GROOMING""]"
ONLINE_STRANGERS_GROOMING_RISK,Who should I talk to if a senior student at school on WhatsApp says nighttime is the only safe time to talk?,TECHNOLOGY,GROOMING,"[""GROOMING""]"
ONLINE_STRANGERS_GROOMING_RISK,How do I explain to my parents that someone I met through a drawing community on Telegram gets upset if I do not reply at night?,TECHNOLOGY,GROOMING,"[""GROOMING""]"
ONLINE_STRANGERS_GROOMING_RISK,Should I tell an adult if someone from a music fan page on my email asks me to chat after everyone at home is asleep?,TECHNOLOGY,GROOMING,"[""GROOMING""]"
ONLINE_STRANGERS_GROOMING_RISK,What should I save as proof if someone I met through a drawing community on a private message says nighttime is the only safe time to talk?,TECHNOLOGY,GROOMING,"[""GROOMING""]"
ONLINE_STRANGERS_GROOMING_RISK,How do I explain to my parents that someone who says they understand me better than my family on my email wants to video call late at night when I am alone?,TECHNOLOGY,GROOMING,"[""GROOMING""]"
ONLINE_STRANGERS_GROOMING_RISK,How do I say no when a person who follows me on social media on a text message wants to video call late at night when I am alone?,TECHNOLOGY,GROOMING,"[""GROOMING""]"
ONLINE_STRANGERS_GROOMING_RISK,Is this grooming if a person who joined my class chat on Facebook Messenger asks me to chat after everyone at home is asleep?,TECHNOLOGY,GROOMING,"[""GROOMING""]"
ONLINE_STRANGERS_GROOMING_RISK,What should I save as proof if a person who says they are my online best friend on a private message wants to video call late at night when I am alone?,TECHNOLOGY,GROOMING,"[""GROOMING""]"
ONLINE_STRANGERS_GROOMING_RISK,What are safe steps if a person from my tuition class on a video calling app asks me to keep my phone near me after bedtime?,TECHNOLOGY,GROOMING,"[""GROOMING""]"
ONLINE_STRANGERS_GROOMING_RISK,Can a nice person still be unsafe if they gets upset if I do not reply at night on a new app they asked me to install?,TECHNOLOGY,GROOMING,"[""GROOMING""]"
ONLINE_STRANGERS_GROOMING_RISK,Is it safe if someone from a homework help group on Snapchat says nighttime is the only safe time to talk?,TECHNOLOGY,GROOMING,"[""GROOMING""]"
ONLINE_STRANGERS_GROOMING_RISK,What does it mean when a person from my tuition class on Telegram gets upset if I do not reply at night?,TECHNOLOGY,GROOMING,"[""GROOMING""]"
ONLINE_STRANGERS_GROOMING_RISK,Can a nice person still be unsafe if they gets upset if I do not reply at night on WhatsApp?,TECHNOLOGY,GROOMING,"[""GROOMING""]"
ONLINE_STRANGERS_GROOMING_RISK,Can a nice person still be unsafe if they asks me to keep my phone near me after bedtime on Discord?,TECHNOLOGY,GROOMING,"[""GROOMING""]"
ONLINE_STRANGERS_GROOMING_RISK,Why do I feel uncomfortable when someone I met in an online game on a school group chat asks me to chat after everyone at home is asleep?,TECHNOLOGY,GROOMING,"[""GROOMING""]"
ONLINE_STRANGERS_GROOMING_RISK,Should I tell an adult if a person who comments on my posts a lot on an online study group asks me to keep my phone near me after bedtime?,TECHNOLOGY,GROOMING,"[""GROOMING""]"
ONLINE_STRANGERS_GROOMING_RISK,What should I do if someone I met in an online game on Discord wants to video call late at night when I am alone?,TECHNOLOGY,GROOMING,"[""GROOMING""]"
ONLINE_STRANGERS_GROOMING_RISK,Is it safe if a person who follows me on social media on a fan club chat asks me to keep my phone near me after bedtime?,TECHNOLOGY,GROOMING,"[""GROOMING""]"
ONLINE_STRANGERS_GROOMING_RISK,Should I block someone from a fan group on a secret chat if they gets upset if I do not reply at night?,TECHNOLOGY,GROOMING,"[""GROOMING""]"
ONLINE_STRANGERS_GROOMING_RISK,How can I stay safe when someone I met in an online game on a school group chat says I am rude if I do not answer personal questions?,TECHNOLOGY,GROOMING,"[""GROOMING""]"
ONLINE_STRANGERS_GROOMING_RISK,Is it okay to keep chatting when someone who says they understand me better than my family on an online study group keeps pushing me to do things I am not comfortable with?,TECHNOLOGY,GROOMING,"[""GROOMING""]"
ONLINE_STRANGERS_GROOMING_RISK,How do I explain to my parents that someone who says they know my school on a private message keeps pushing me to do things I am not comfortable with?,TECHNOLOGY,GROOMING,"[""GROOMING""]"
ONLINE_STRANGERS_GROOMING_RISK,Why do I feel uncomfortable when a neighbour I barely know on a fan club chat says real friends do not say no?,TECHNOLOGY,GROOMING,"[""GROOMING""]"
ONLINE_STRANGERS_GROOMING_RISK,Why do I feel uncomfortable when someone I met in an online game on a voice chat tries to make me feel bad for setting a boundary?,TECHNOLOGY,GROOMING,"[""GROOMING""]"
ONLINE_STRANGERS_GROOMING_RISK,How do I say no when someone I met during an online quiz on a secret chat tries to make me feel bad for setting a boundary?,TECHNOLOGY,GROOMING,"[""GROOMING""]"
ONLINE_STRANGERS_GROOMING_RISK,What should I save as proof if a person who joined my class chat on a video calling app says real friends do not say no?,TECHNOLOGY,GROOMING,"[""GROOMING""]"
ONLINE_STRANGERS_GROOMING_RISK,Should I block someone who says they know my school on a private message if they says real friends do not say no?,TECHNOLOGY,GROOMING,"[""GROOMING""]"
ONLINE_STRANGERS_GROOMING_RISK,Is it safe if a person who says they can help me become popular on Snapchat says real friends do not say no?,TECHNOLOGY,GROOMING,"[""GROOMING""]"
ONLINE_STRANGERS_GROOMING_RISK,Is it safe if a person who comments on my posts a lot on a video calling app says real friends do not say no?,TECHNOLOGY,GROOMING,"[""GROOMING""]"
ONLINE_STRANGERS_GROOMING_RISK,Is it okay to keep chatting when a person from a local community group on a school group chat says I am rude if I do not answer personal questions?,TECHNOLOGY,GROOMING,"[""GROOMING""]"
ONLINE_STRANGERS_GROOMING_RISK,Should I tell an adult if someone who says they know my school on Roblox chat says real friends do not say no?,TECHNOLOGY,GROOMING,"[""GROOMING""]"
ONLINE_STRANGERS_GROOMING_RISK,How can I stay safe when a neighbour I barely know on Snapchat tries to make me feel bad for setting a boundary?,TECHNOLOGY,GROOMING,"[""GROOMING""]"
ONLINE_STRANGERS_GROOMING_RISK,Should I block someone who says they are a talent scout on YouTube comments if they keeps pushing me to do things I am not comfortable with?,TECHNOLOGY,GROOMING,"[""GROOMING""]"
ONLINE_STRANGERS_GROOMING_RISK,How can I stay safe when an older person from a group chat on an online study group says I am rude if I do not answer personal questions?,TECHNOLOGY,GROOMING,"[""GROOMING""]"
ONLINE_STRANGERS_GROOMING_RISK,How can I stay safe when someone I met during an online quiz on WhatsApp says real friends do not say no?,TECHNOLOGY,GROOMING,"[""GROOMING""]"
ONLINE_STRANGERS_GROOMING_RISK,Is it okay to keep chatting when a person who joined my class chat on Roblox chat tries to make me feel bad for setting a boundary?,TECHNOLOGY,GROOMING,"[""GROOMING""]"
ONLINE_STRANGERS_GROOMING_RISK,How do I explain to my parents that a person from my tuition class on Roblox chat keeps asking the same thing after I said no?,TECHNOLOGY,GROOMING,"[""GROOMING""]"
ONLINE_STRANGERS_GROOMING_RISK,How do I say no when someone who says they are a talent scout on a new app they asked me to install says real friends do not say no?,TECHNOLOGY,GROOMING,"[""GROOMING""]"
ONLINE_STRANGERS_GROOMING_RISK,Who should I talk to if a person who follows me on social media on a secret chat says I am rude if I do not answer personal questions?,TECHNOLOGY,GROOMING,"[""GROOMING""]"
ONLINE_STRANGERS_GROOMING_RISK,What should I save as proof if someone who says they understand me better than my family on a school group chat says real friends do not say no?,TECHNOLOGY,GROOMING,"[""GROOMING""]"
ONLINE_STRANGERS_GROOMING_RISK,Who should I talk to if a friend of my cousin on Facebook Messenger says real friends do not say no?,TECHNOLOGY,GROOMING,"[""GROOMING""]"
ONLINE_STRANGERS_GROOMING_RISK,Who should I talk to if a stranger who messaged me after seeing my profile on WhatsApp tries to make me feel bad for setting a boundary?,TECHNOLOGY,GROOMING,"[""GROOMING""]"
ONLINE_STRANGERS_GROOMING_RISK,What should I do if a person who says they can help me become popular on Telegram says I am rude if I do not answer personal questions?,TECHNOLOGY,GROOMING,"[""GROOMING""]"
ONLINE_STRANGERS_GROOMING_RISK,Should I tell an adult if a stranger who says they are also a kid on WhatsApp says real friends do not say no?,TECHNOLOGY,GROOMING,"[""GROOMING""]"
ONLINE_STRANGERS_GROOMING_RISK,What should I do if a person from my tuition class on Telegram keeps asking about my classmates and daily routine?,TECHNOLOGY,GROOMING,"[""GROOMING""]"
ONLINE_STRANGERS_GROOMING_RISK,What should I do if a neighbour I barely know on my email wants to know my school route?,TECHNOLOGY,GROOMING,"[""GROOMING""]"
ONLINE_STRANGERS_GROOMING_RISK,What should I do if a person who comments on my posts a lot on a secret chat knows my school name even though I never told them?,TECHNOLOGY,GROOMING,"[""GROOMING""]"
ONLINE_STRANGERS_GROOMING_RISK,Is it okay to keep chatting when someone who says they understand me better than my family on a secret chat wants to know my school route?,TECHNOLOGY,GROOMING,"[""GROOMING""]"
ONLINE_STRANGERS_GROOMING_RISK,Who should I talk to if a person who follows me on social media on Roblox chat asked which uniform I wear and when school ends?,TECHNOLOGY,GROOMING,"[""GROOMING""]"
ONLINE_STRANGERS_GROOMING_RISK,How can I stay safe when someone from a fan group on a video calling app knows my school name even though I never told them?,TECHNOLOGY,GROOMING,"[""GROOMING""]"
ONLINE_STRANGERS_GROOMING_RISK,What are safe steps if a senior student at school on an online study group wants to know my school route?,TECHNOLOGY,GROOMING,"[""GROOMING""]"
ONLINE_STRANGERS_GROOMING_RISK,Is it safe if someone who says they understand me better than my family on a new app they asked me to install knows my school name even though I never told them?,TECHNOLOGY,GROOMING,"[""GROOMING""]"
ONLINE_STRANGERS_GROOMING_RISK,Should I block someone from a fan group on Roblox chat if they keeps asking about my classmates and daily routine?,TECHNOLOGY,GROOMING,"[""GROOMING""]"
ONLINE_STRANGERS_GROOMING_RISK,Who should I talk to if a person who says they are my online best friend on my email wants to know my school route?,TECHNOLOGY,GROOMING,"[""GROOMING""]"
ONLINE_STRANGERS_GROOMING_RISK,What should I do if a person who follows me on social media on a video calling app keeps asking about my classmates and daily routine?,TECHNOLOGY,GROOMING,"[""GROOMING""]"
ONLINE_STRANGERS_GROOMING_RISK,Who should I talk to if a person who follows me on social media on Discord asked which uniform I wear and when school ends?,TECHNOLOGY,GROOMING,"[""GROOMING""]"
ONLINE_STRANGERS_GROOMING_RISK,Is this grooming if a senior student at school on Minecraft server chat wants to know my school route?,TECHNOLOGY,GROOMING,"[""GROOMING""]"
ONLINE_STRANGERS_GROOMING_RISK,What should I do if a senior student at school on Discord keeps asking about my classmates and daily routine?,TECHNOLOGY,GROOMING,"[""GROOMING""]"
ONLINE_STRANGERS_GROOMING_RISK,What should I do if a person from a local community group on Telegram knows my school name even though I never told them?,TECHNOLOGY,GROOMING,"[""GROOMING""]"
ONLINE_STRANGERS_GROOMING_RISK,Should I tell an adult if a stranger who says they are also a kid on Roblox chat asked which uniform I wear and when school ends?,TECHNOLOGY,GROOMING,"[""GROOMING""]"
ONLINE_STRANGERS_GROOMING_RISK,How do I say no when a person who joined my class chat on Snapchat asked for my class section and teacher's name?,TECHNOLOGY,GROOMING,"[""GROOMING""]"
ONLINE_STRANGERS_GROOMING_RISK,Should I block a person who follows me on social media on Telegram if they asked which uniform I wear and when school ends?,TECHNOLOGY,GROOMING,"[""GROOMING""]"
ONLINE_STRANGERS_GROOMING_RISK,Is it safe if a person who joined my class chat on YouTube comments knows my school name even though I never told them?,TECHNOLOGY,GROOMING,"[""GROOMING""]"
ONLINE_STRANGERS_GROOMING_RISK,What does it mean when a senior student at school on Roblox chat asked which uniform I wear and when school ends?,TECHNOLOGY,GROOMING,"[""GROOMING""]"
ONLINE_STRANGERS_GROOMING_RISK,What should I save as proof if someone I met through a drawing community on a fan club chat keeps asking about my classmates and daily routine?,TECHNOLOGY,GROOMING,"[""GROOMING""]"
ONLINE_STRANGERS_GROOMING_RISK,Should I block a person who says they are my online best friend on an online study group if they knows my school name even though I never told them?,TECHNOLOGY,GROOMING,"[""GROOMING""]"
ONLINE_STRANGERS_GROOMING_RISK,What are safe steps if someone I met during an online quiz on my email knows my school name even though I never told them?,TECHNOLOGY,GROOMING,"[""GROOMING""]"
ONLINE_STRANGERS_GROOMING_RISK,Should I block a stranger who says they are also a kid on a school group chat if they wants to know my school route?,TECHNOLOGY,GROOMING,"[""GROOMING""]"
ONLINE_STRANGERS_GROOMING_RISK,How do I say no when someone who says they are a talent scout on a gaming app wants to know my school route?,TECHNOLOGY,GROOMING,"[""GROOMING""]"
ONLINE_STRANGERS_GROOMING_RISK,Should I tell an adult if a person from a gaming server on a secret chat says I can share family secrets because they care?,TECHNOLOGY,GROOMING,"[""GROOMING""]"
ONLINE_STRANGERS_GROOMING_RISK,Who should I talk to if someone I met through a drawing community on a school group chat says I can share family secrets because they care?,TECHNOLOGY,GROOMING,"[""GROOMING""]"
ONLINE_STRANGERS_GROOMING_RISK,What does it mean when a person from a local community group on WhatsApp asked whether anyone checks my phone?,TECHNOLOGY,GROOMING,"[""GROOMING""]"
ONLINE_STRANGERS_GROOMING_RISK,What should I save as proof if a person from a gaming server on a fan club chat asks what time my parents are away?,TECHNOLOGY,GROOMING,"[""GROOMING""]"
ONLINE_STRANGERS_GROOMING_RISK,Is it safe if a neighbour I barely know on Snapchat keeps asking about family problems and says not to tell them?,TECHNOLOGY,GROOMING,"[""GROOMING""]"
ONLINE_STRANGERS_GROOMING_RISK,What does it mean when a stranger who messaged me after seeing my profile on my email wants to know if I have my own room?,TECHNOLOGY,GROOMING,"[""GROOMING""]"
ONLINE_STRANGERS_GROOMING_RISK,Why do I feel uncomfortable when someone from a music fan page on Snapchat asked whether anyone checks my phone?,TECHNOLOGY,GROOMING,"[""GROOMING""]"
ONLINE_STRANGERS_GROOMING_RISK,Is it okay to keep chatting when a stranger from a video app on a video calling app keeps asking about family problems and says not to tell them?,TECHNOLOGY,GROOMING,"[""GROOMING""]"
ONLINE_STRANGERS_GROOMING_RISK,Is it okay to keep chatting when a person from a gaming server on Facebook Messenger keeps asking about family problems and says not to tell them?,TECHNOLOGY,GROOMING,"[""GROOMING""]"
ONLINE_STRANGERS_GROOMING_RISK,Should I block a stranger who says they are also a kid on a private message if they asks what time my parents are away?,TECHNOLOGY,GROOMING,"[""GROOMING""]"
ONLINE_STRANGERS_GROOMING_RISK,How can I stay safe when a person who says they can help me become popular on a fan club chat keeps asking about family problems and says not to tell them?,TECHNOLOGY,GROOMING,"[""GROOMING""]"
ONLINE_STRANGERS_GROOMING_RISK,What does it mean when a person from a gaming server on Telegram asks what time my parents are away?,TECHNOLOGY,GROOMING,"[""GROOMING""]"
ONLINE_STRANGERS_GROOMING_RISK,What does it mean when someone I met in an online game on a private message asked whether anyone checks my phone?,TECHNOLOGY,GROOMING,"[""GROOMING""]"
ONLINE_STRANGERS_GROOMING_RISK,Can a nice person still be unsafe if they keeps asking about family problems and says not to tell them on WhatsApp?,TECHNOLOGY,GROOMING,"[""GROOMING""]"
ONLINE_STRANGERS_GROOMING_RISK,Can a nice person still be unsafe if they asked whether anyone checks my phone on a gaming app?,TECHNOLOGY,GROOMING,"[""GROOMING""]"
ONLINE_STRANGERS_GROOMING_RISK,Should I tell an adult if a person who says they are my online best friend on a secret chat says I can share family secrets because they care?,TECHNOLOGY,GROOMING,"[""GROOMING""]"
ONLINE_STRANGERS_GROOMING_RISK,Can a nice person still be unsafe if they asks what time my parents are away on a school group chat?,TECHNOLOGY,GROOMING,"[""GROOMING""]"
ONLINE_STRANGERS_GROOMING_RISK,How can I stay safe when a senior student at school on an online study group asked whether anyone checks my phone?,TECHNOLOGY,GROOMING,"[""GROOMING""]"
ONLINE_STRANGERS_GROOMING_RISK,What does it mean when a person from a gaming server on a gaming app says I can share family secrets because they care?,TECHNOLOGY,GROOMING,"[""GROOMING""]"
ONLINE_STRANGERS_GROOMING_RISK,How can I stay safe when someone who says they know my school on Snapchat keeps asking about family problems and says not to tell them?,TECHNOLOGY,GROOMING,"[""GROOMING""]"
ONLINE_STRANGERS_GROOMING_RISK,Is it okay to keep chatting when someone I met in an online game on a video calling app says I can share family secrets because they care?,TECHNOLOGY,GROOMING,"[""GROOMING""]"
ONLINE_STRANGERS_GROOMING_RISK,Is it safe if a person who follows me on social media on my email says I can share family secrets because they care?,TECHNOLOGY,GROOMING,"[""GROOMING""]"
ONLINE_STRANGERS_GROOMING_RISK,How do I say no when someone who says they know my school on a secret chat says I can share family secrets because they care?,TECHNOLOGY,GROOMING,"[""GROOMING""]"
ONLINE_STRANGERS_GROOMING_RISK,Who should I talk to if someone who says they understand me better than my family on Instagram says I can share family secrets because they care?,TECHNOLOGY,GROOMING,"[""GROOMING""]"
ONLINE_STRANGERS_GROOMING_RISK,Should I tell an adult if an older person from a group chat on my email keeps asking about family problems and says not to tell them?,TECHNOLOGY,GROOMING,"[""GROOMING""]"
ONLINE_STRANGERS_GROOMING_RISK,How can I stay safe when a person who comments on my posts a lot on Minecraft server chat said I have to prove I am their best friend?,TECHNOLOGY,GROOMING,"[""GROOMING""]"
ONLINE_STRANGERS_GROOMING_RISK,What does it mean when someone I met through a drawing community on a text message asked me to choose between them and my friends?,TECHNOLOGY,GROOMING,"[""GROOMING""]"
ONLINE_STRANGERS_GROOMING_RISK,Who should I talk to if a friend of my cousin on a video calling app said I have to prove I am their best friend?,TECHNOLOGY,GROOMING,"[""GROOMING""]"
ONLINE_STRANGERS_GROOMING_RISK,Why do I feel uncomfortable when a stranger who says they are also a kid on a text message asked me to choose between them and my friends?,TECHNOLOGY,GROOMING,"[""GROOMING""]"
ONLINE_STRANGERS_GROOMING_RISK,What should I do if someone I met in an online game on my email asked me to choose between them and my friends?,TECHNOLOGY,GROOMING,"[""GROOMING""]"
ONLINE_STRANGERS_GROOMING_RISK,Is this grooming if someone who says they are a talent scout on WhatsApp asked me to choose between them and my friends?,TECHNOLOGY,GROOMING,"[""GROOMING""]"
ONLINE_STRANGERS_GROOMING_RISK,Is it okay to keep chatting when a friend of my cousin on Minecraft server chat said I have to prove I am their best friend?,TECHNOLOGY,GROOMING,"[""GROOMING""]"
ONLINE_STRANGERS_GROOMING_RISK,Who should I talk to if someone I met in an online game on Snapchat says a true friend would keep secrets from adults?,TECHNOLOGY,GROOMING,"[""GROOMING""]"
ONLINE_STRANGERS_GROOMING_RISK,Who should I talk to if a person who says they are my online best friend on a private message asked me to choose between them and my friends?,TECHNOLOGY,GROOMING,"[""GROOMING""]"
ONLINE_STRANGERS_GROOMING_RISK,How do I say no when a person who joined my class chat on a fan club chat asked me to choose between them and my friends?,TECHNOLOGY,GROOMING,"[""GROOMING""]"
ONLINE_STRANGERS_GROOMING_RISK,Is it safe if a neighbour I barely know on Facebook Messenger says a true friend would keep secrets from adults?,TECHNOLOGY,GROOMING,"[""GROOMING""]"
ONLINE_STRANGERS_GROOMING_RISK,What are safe steps if someone I met during an online quiz on a video calling app asks me to promise loyalty before answering my questions?,TECHNOLOGY,GROOMING,"[""GROOMING""]"
ONLINE_STRANGERS_GROOMING_RISK,How do I say no when a person who comments on my posts a lot on a video calling app gets jealous when I talk to people my age?,TECHNOLOGY,GROOMING,"[""GROOMING""]"
ONLINE_STRANGERS_GROOMING_RISK,How can I stay safe when a stranger who messaged me after seeing my profile on a voice chat asked me to choose between them and my friends?,TECHNOLOGY,GROOMING,"[""GROOMING""]"
ONLINE_STRANGERS_GROOMING_RISK,How do I explain to my parents that someone from a fan group on Discord asks me to promise loyalty before answering my questions?,TECHNOLOGY,GROOMING,"[""GROOMING""]"
ONLINE_STRANGERS_GROOMING_RISK,Can a nice person still be unsafe if they said I have to prove I am their best friend on a new app they asked me to install?,TECHNOLOGY,GROOMING,"[""GROOMING""]"
ONLINE_STRANGERS_GROOMING_RISK,How can I stay safe when someone I met during an online quiz on a voice chat says a true friend would keep secrets from adults?,TECHNOLOGY,GROOMING,"[""GROOMING""]"
ONLINE_STRANGERS_GROOMING_RISK,Should I tell an adult if someone who says they understand me better than my family on a fan club chat said I have to prove I am their best friend?,TECHNOLOGY,GROOMING,"[""GROOMING""]"
ONLINE_STRANGERS_GROOMING_RISK,Can a nice person still be unsafe if they asks me to promise loyalty before answering my questions on my email?,TECHNOLOGY,GROOMING,"[""GROOMING""]"
ONLINE_STRANGERS_GROOMING_RISK,What does it mean when someone I met during an online quiz on Minecraft server chat says a true friend would keep secrets from adults?,TECHNOLOGY,GROOMING,"[""GROOMING""]"
ONLINE_STRANGERS_GROOMING_RISK,Who should I talk to if someone who says they are a talent scout on my email said I have to prove I am their best friend?,TECHNOLOGY,GROOMING,"[""GROOMING""]"
ONLINE_STRANGERS_GROOMING_RISK,Is it safe if a person who joined my class chat on Minecraft server chat says a true friend would keep secrets from adults?,TECHNOLOGY,GROOMING,"[""GROOMING""]"
ONLINE_STRANGERS_GROOMING_RISK,Can a nice person still be unsafe if they asks me to promise loyalty before answering my questions on a fan club chat?,TECHNOLOGY,GROOMING,"[""GROOMING""]"
ONLINE_STRANGERS_GROOMING_RISK,What should I save as proof if a stranger who messaged me after seeing my profile on a secret chat asks me to promise loyalty before answering my questions?,TECHNOLOGY,GROOMING,"[""GROOMING""]"
ONLINE_STRANGERS_GROOMING_RISK,Why do I feel uncomfortable when an older person from a group chat on a voice chat asked me to choose between them and my friends?,TECHNOLOGY,GROOMING,"[""GROOMING""]"
ONLINE_STRANGERS_GROOMING_RISK,Is it safe if a person who says they can help me become popular on YouTube comments says their camera is broken every time I ask who they are?,TECHNOLOGY,GROOMING,"[""GROOMING""]"
ONLINE_STRANGERS_GROOMING_RISK,What should I save as proof if a person who comments on my posts a lot on a secret chat uses different names in different chats?,TECHNOLOGY,GROOMING,"[""GROOMING""]"
ONLINE_STRANGERS_GROOMING_RISK,Why do I feel uncomfortable when someone I met through a drawing community on a new app they asked me to install refuses to show who they are but asks to see me?,TECHNOLOGY,GROOMING,"[""GROOMING""]"
ONLINE_STRANGERS_GROOMING_RISK,How do I say no when a person who says they can help me become popular on Instagram refuses to show who they are but asks to see me?,TECHNOLOGY,GROOMING,"[""GROOMING""]"
ONLINE_STRANGERS_GROOMING_RISK,Should I block a friend of my cousin on YouTube comments if they says they are from my city but avoids normal questions?,TECHNOLOGY,GROOMING,"[""GROOMING""]"
ONLINE_STRANGERS_GROOMING_RISK,How do I explain to my parents that someone who says they understand me better than my family on a gaming app uses different names in different chats?,TECHNOLOGY,GROOMING,"[""GROOMING""]"
ONLINE_STRANGERS_GROOMING_RISK,How do I explain to my parents that a person from a local community group on a new app they asked me to install has no profile photo but asks many personal things?,TECHNOLOGY,GROOMING,"[""GROOMING""]"
ONLINE_STRANGERS_GROOMING_RISK,How do I explain to my parents that a person from my sports practice on Roblox chat says their camera is broken every time I ask who they are?,TECHNOLOGY,GROOMING,"[""GROOMING""]"
ONLINE_STRANGERS_GROOMING_RISK,How do I say no when someone who says they know my school on Discord refuses to show who they are but asks to see me?,TECHNOLOGY,GROOMING,"[""GROOMING""]"
ONLINE_STRANGERS_GROOMING_RISK,Is it safe if a person who joined my class chat on a text message says they are from my city but avoids normal questions?,TECHNOLOGY,GROOMING,"[""GROOMING""]"
ONLINE_STRANGERS_GROOMING_RISK,What are safe steps if someone who says they are a talent scout on a fan club chat says their camera is broken every time I ask who they are?,TECHNOLOGY,GROOMING,"[""GROOMING""]"
ONLINE_STRANGERS_GROOMING_RISK,Is this grooming if someone from a homework help group on a private message says their camera is broken every time I ask who they are?,TECHNOLOGY,GROOMING,"[""GROOMING""]"
ONLINE_STRANGERS_GROOMING_RISK,What does it mean when a person who says they are my online best friend on a gaming app says they are from my city but avoids normal questions?,TECHNOLOGY,GROOMING,"[""GROOMING""]"
ONLINE_STRANGERS_GROOMING_RISK,What are safe steps if someone I met through a drawing community on YouTube comments uses different names in different chats?,TECHNOLOGY,GROOMING,"[""GROOMING""]"
ONLINE_STRANGERS_GROOMING_RISK,Why do I feel uncomfortable when a stranger who messaged me after seeing my profile on a text message uses different names in different chats?,TECHNOLOGY,GROOMING,"[""GROOMING""]"
ONLINE_STRANGERS_GROOMING_RISK,What are safe steps if a person who comments on my posts a lot on Facebook Messenger says they are from my city but avoids normal questions?,TECHNOLOGY,GROOMING,"[""GROOMING""]"
ONLINE_STRANGERS_GROOMING_RISK,Is this grooming if someone from a fan group on a video calling app has no profile photo but asks many personal things?,TECHNOLOGY,GROOMING,"[""GROOMING""]"
ONLINE_STRANGERS_GROOMING_RISK,Who should I talk to if an older person from a group chat on a text message has no profile photo but asks many personal things?,TECHNOLOGY,GROOMING,"[""GROOMING""]"
ONLINE_STRANGERS_GROOMING_RISK,What does it mean when someone from a fan group on a gaming app says they are from my city but avoids normal questions?,TECHNOLOGY,GROOMING,"[""GROOMING""]"
ONLINE_STRANGERS_GROOMING_RISK,What does it mean when a person from a gaming server on Snapchat says they are from my city but avoids normal questions?,TECHNOLOGY,GROOMING,"[""GROOMING""]"
ONLINE_STRANGERS_GROOMING_RISK,Should I tell an adult if a person from my sports practice on Telegram refuses to show who they are but asks to see me?,TECHNOLOGY,GROOMING,"[""GROOMING""]"
ONLINE_STRANGERS_GROOMING_RISK,Should I block someone who says they are a talent scout on Roblox chat if they says they are from my city but avoids normal questions?,TECHNOLOGY,GROOMING,"[""GROOMING""]"
ONLINE_STRANGERS_GROOMING_RISK,Should I block someone I met in an online game on Snapchat if they says their camera is broken every time I ask who they are?,TECHNOLOGY,GROOMING,"[""GROOMING""]"
ONLINE_STRANGERS_GROOMING_RISK,What are safe steps if someone I met through a drawing community on an online study group says their camera is broken every time I ask who they are?,TECHNOLOGY,GROOMING,"[""GROOMING""]"
ONLINE_STRANGERS_GROOMING_RISK,What are safe steps if a person from a local community group on a gaming app says their camera is broken every time I ask who they are?,TECHNOLOGY,GROOMING,"[""GROOMING""]"
ONLINE_STRANGERS_GROOMING_RISK,Who should I talk to if a senior student at school on an online study group tells me teachers make a big deal out of nothing?,TECHNOLOGY,GROOMING,"[""GROOMING""]"
ONLINE_STRANGERS_GROOMING_RISK,Is it safe if a person who says they are my online best friend on a new app they asked me to install warned me that adults cannot be trusted with our chat?,TECHNOLOGY,GROOMING,"[""GROOMING""]"
ONLINE_STRANGERS_GROOMING_RISK,How can I stay safe when someone from a music fan page on a new app they asked me to install says I should not tell my parents because they will ruin everything?,TECHNOLOGY,GROOMING,"[""GROOMING""]"
ONLINE_STRANGERS_GROOMING_RISK,How do I explain to my parents that a person who says they are my online best friend on a secret chat says I should not tell my parents because they will ruin everything?,TECHNOLOGY,GROOMING,"[""GROOMING""]"
ONLINE_STRANGERS_GROOMING_RISK,Who should I talk to if a stranger from a video app on Minecraft server chat says I should not tell my parents because they will ruin everything?,TECHNOLOGY,GROOMING,"[""GROOMING""]"
ONLINE_STRANGERS_GROOMING_RISK,Is it safe if a stranger who messaged me after seeing my profile on Discord keeps telling me I will lose them if I ask for help?,TECHNOLOGY,GROOMING,"[""GROOMING""]"
ONLINE_STRANGERS_GROOMING_RISK,How can I stay safe when a person from my sports practice on Snapchat keeps telling me I will lose them if I ask for help?,TECHNOLOGY,GROOMING,"[""GROOMING""]"
ONLINE_STRANGERS_GROOMING_RISK,Is it safe if a neighbour I barely know on Facebook Messenger says I should not tell my parents because they will ruin everything?,TECHNOLOGY,GROOMING,"[""GROOMING""]"
ONLINE_STRANGERS_GROOMING_RISK,Who should I talk to if a senior student at school on a private message warned me that adults cannot be trusted with our chat?,TECHNOLOGY,GROOMING,"[""GROOMING""]"
ONLINE_STRANGERS_GROOMING_RISK,What are safe steps if a friend of my cousin on Discord warned me that adults cannot be trusted with our chat?,TECHNOLOGY,GROOMING,"[""GROOMING""]"
ONLINE_STRANGERS_GROOMING_RISK,Can a nice person still be unsafe if they says asking an adult would betray our friendship on Telegram?,TECHNOLOGY,GROOMING,"[""GROOMING""]"
ONLINE_STRANGERS_GROOMING_RISK,What are safe steps if a friend of my cousin on Minecraft server chat warned me that adults cannot be trusted with our chat?,TECHNOLOGY,GROOMING,"[""GROOMING""]"
ONLINE_STRANGERS_GROOMING_RISK,What should I save as proof if a person from a local community group on a private message says asking an adult would betray our friendship?,TECHNOLOGY,GROOMING,"[""GROOMING""]"
ONLINE_STRANGERS_GROOMING_RISK,Is this grooming if a stranger who messaged me after seeing my profile on Instagram says asking an adult would betray our friendship?,TECHNOLOGY,GROOMING,"[""GROOMING""]"
ONLINE_STRANGERS_GROOMING_RISK,What does it mean when someone from a homework help group on Roblox chat keeps telling me I will lose them if I ask for help?,TECHNOLOGY,GROOMING,"[""GROOMING""]"
ONLINE_STRANGERS_GROOMING_RISK,Is this grooming if a friend of my cousin on Discord says I should not tell my parents because they will ruin everything?,TECHNOLOGY,GROOMING,"[""GROOMING""]"
ONLINE_STRANGERS_GROOMING_RISK,What should I do if a person who comments on my posts a lot on Instagram says asking an adult would betray our friendship?,TECHNOLOGY,GROOMING,"[""GROOMING""]"
ONLINE_STRANGERS_GROOMING_RISK,Who should I talk to if a person who joined my class chat on a secret chat keeps telling me I will lose them if I ask for help?,TECHNOLOGY,GROOMING,"[""GROOMING""]"
ONLINE_STRANGERS_GROOMING_RISK,What should I do if someone I met in an online game on a video calling app says I should not tell my parents because they will ruin everything?,TECHNOLOGY,GROOMING,"[""GROOMING""]"
ONLINE_STRANGERS_GROOMING_RISK,What are safe steps if someone I met in an online game on a gaming app warned me that adults cannot be trusted with our chat?,TECHNOLOGY,GROOMING,"[""GROOMING""]"
ONLINE_STRANGERS_GROOMING_RISK,Should I tell an adult if an older person from a group chat on a school group chat says I should not tell my parents because they will ruin everything?,TECHNOLOGY,GROOMING,"[""GROOMING""]"
ONLINE_STRANGERS_GROOMING_RISK,Should I tell an adult if someone I met in an online game on YouTube comments says I should not tell my parents because they will ruin everything?,TECHNOLOGY,GROOMING,"[""GROOMING""]"
ONLINE_STRANGERS_GROOMING_RISK,How do I explain to my parents that someone from a fan group on a new app they asked me to install warned me that adults cannot be trusted with our chat?,TECHNOLOGY,GROOMING,"[""GROOMING""]"
ONLINE_STRANGERS_GROOMING_RISK,How do I explain to my parents that a person from my sports practice on Minecraft server chat tells me teachers make a big deal out of nothing?,TECHNOLOGY,GROOMING,"[""GROOMING""]"
ONLINE_STRANGERS_GROOMING_RISK,Is it safe if a person who follows me on social media on Discord says asking an adult would betray our friendship?,TECHNOLOGY,GROOMING,"[""GROOMING""]"